{"stats":{"minecraft:mined":{"minecraft:spruce_leaves":4,"minecraft:spruce_log":10,"minecraft:dandelion":1},"minecraft:used":{"minecraft:crafting_table":1,"minecraft:spruce_log":1},"minecraft:custom":{"minecraft:time_since_rest":3410,"minecraft:crouch_one_cm":276,"minecraft:play_time":3410,"minecraft:sprint_one_cm":10075,"minecraft:damage_taken":40,"minecraft:walk_one_cm":7221,"minecraft:sneak_time":37,"minecraft:drop":1,"minecraft:jump":18,"minecraft:damage_dealt":10,"minecraft:time_since_death":3410,"minecraft:total_world_time":3410,"minecraft:interact_with_crafting_table":1,"minecraft:fall_one_cm":1344,"minecraft:fly_one_cm":3817},"minecraft:picked_up":{"minecraft:dandelion":1,"minecraft:spruce_log":10},"minecraft:crafted":{"minecraft:wooden_sword":1,"minecraft:crafting_table":1,"minecraft:spruce_planks":12,"minecraft:stick":12},"minecraft:dropped":{"minecraft:spruce_log":1}},"DataVersion":3465}