{"stats":{"minecraft:killed":{"minecraft:zombie_villager":2,"minecraft:spider":1,"minecraft:skeleton":4,"minecraft:sheep":1,"minecraft:zombie":18,"minecraft:fox":1},"minecraft:used":{"minecraft:azalea":1,"minecraft:water_bucket":5,"minecraft:flint_and_steel":4,"minecraft:bundle":1,"minecraft:stone_pickaxe":134,"minecraft:dried_kelp":16,"minecraft:wooden_pickaxe":60,"minecraft:shield":7,"minecraft:rotten_flesh":14,"minecraft:glow_berries":15,"minecraft:dirt":1,"minecraft:mutton":3,"minecraft:crafting_table":3,"minecraft:blast_furnace":1,"minecraft:white_bed":4,"minecraft:tuff":36,"minecraft:iron_pickaxe":431,"minecraft:iron_axe":63,"tombstone:grave_key":1,"minecraft:gravel":7,"minecraft:stone_axe":61,"minecraft:cobblestone":69,"minecraft:furnace":2,"minecraft:bucket":7,"tombstone:gift":3,"minecraft:dandelion":2,"minecraft:cobbled_deepslate":16},"minecraft:crafted":{"minecraft:crafting_table":1,"minecraft:spruce_planks":58,"minecraft:dried_kelp":16,"minecraft:spruce_button":1,"minecraft:wooden_pickaxe":1,"minecraft:furnace":1,"minecraft:stone":3,"minecraft:bucket":3,"minecraft:stone_axe":1,"minecraft:air":0,"minecraft:shield":3,"minecraft:iron_axe":2,"minecraft:stick":30,"minecraft:iron_ingot":27,"minecraft:iron_pickaxe":5,"minecraft:stone_pickaxe":1,"minecraft:white_bed":1},"minecraft:killed_by":{"minecraft:skeleton":6,"minecraft:creeper":1,"minecraft:spider":1,"minecraft:zombie":2},"minecraft:custom":{"minecraft:interact_with_furnace":17,"minecraft:mob_kills":27,"minecraft:interact_with_crafting_table":14,"minecraft:leave_game":1,"minecraft:time_since_death":21872,"minecraft:sleep_in_bed":6,"minecraft:climb_one_cm":3143,"minecraft:time_since_rest":2100,"minecraft:sprint_one_cm":261138,"minecraft:damage_taken":3360,"minecraft:walk_one_cm":298235,"minecraft:damage_blocked_by_shield":300,"minecraft:drop":35,"minecraft:damage_dealt":5039,"minecraft:player_kills":1,"minecraft:swim_one_cm":36081,"minecraft:fly_one_cm":269316,"minecraft:open_chest":17,"minecraft:play_time":126905,"minecraft:crouch_one_cm":3440,"minecraft:sneak_time":1893,"tombstone:undead_killed":24,"minecraft:deaths":10,"minecraft:walk_under_water_one_cm":12646,"tombstone:tomb_raiding":1,"minecraft:jump":2436,"minecraft:interact_with_blast_furnace":9,"minecraft:walk_on_water_one_cm":61194,"minecraft:interact_with_smoker":9,"minecraft:total_world_time":126905,"minecraft:fall_one_cm":38898},"minecraft:mined":{"minecraft:deepslate_redstone_ore":2,"minecraft:tuff":48,"minecraft:white_bed":3,"minecraft:deepslate_diamond_ore":10,"minecraft:dandelion":2,"minecraft:cave_vines_plant":1,"minecraft:clay":2,"minecraft:crafting_table":3,"minecraft:blast_furnace":1,"minecraft:tall_grass":1,"minecraft:cobblestone":17,"minecraft:spruce_leaves":1,"minecraft:moss_block":4,"minecraft:spore_blossom":1,"minecraft:furnace":1,"minecraft:cobbled_deepslate":1,"minecraft:iron_ore":40,"minecraft:spruce_log":36,"minecraft:fire":4,"minecraft:andesite":3,"minecraft:moss_carpet":1,"minecraft:big_dripleaf_stem":2,"minecraft:grass":6,"minecraft:pointed_dripstone":1,"minecraft:coal_ore":17,"minecraft:deepslate_iron_ore":67,"minecraft:gravel":11,"minecraft:dirt":3,"minecraft:stone":144,"minecraft:deepslate":257,"minecraft:fern":1},"minecraft:broken":{"minecraft:stone_pickaxe":1,"minecraft:iron_pickaxe":1,"minecraft:wooden_pickaxe":1},"minecraft:dropped":{"minecraft:moss_carpet":2,"minecraft:moss_block":3,"minecraft:porkchop":2,"minecraft:wheat_seeds":1,"minecraft:coarse_dirt":3,"minecraft:diamond":9,"minecraft:raw_iron":3,"minecraft:chicken":3,"minecraft:feather":2,"minecraft:spruce_button":1,"minecraft:coal":16,"minecraft:stick":4,"minecraft:flint":1,"minecraft:big_dripleaf":5,"minecraft:dirt":3,"minecraft:stone":3,"minecraft:shield":2,"minecraft:torch":19,"minecraft:spruce_planks":7,"tombstone:grave_key":1,"minecraft:wooden_axe":1,"minecraft:wooden_sword":1,"minecraft:spruce_log":5,"minecraft:arrow":2,"minecraft:stone_pickaxe":1,"minecraft:wooden_pickaxe":1,"minecraft:glistering_melon_slice":2,"minecraft:iron_pickaxe":2,"minecraft:bucket":1,"minecraft:spruce_sapling":3},"minecraft:picked_up":{"minecraft:crafting_table":3,"minecraft:clay_ball":8,"minecraft:andesite":3,"minecraft:tuff":39,"minecraft:shield":1,"minecraft:dirt":3,"minecraft:string":3,"minecraft:moss_carpet":2,"tombstone:gift":1,"minecraft:bone":6,"minecraft:wheat_seeds":1,"minecraft:cobbled_deepslate":189,"minecraft:spore_blossom":1,"minecraft:azalea":1,"minecraft:moss_block":4,"minecraft:furnace":1,"minecraft:stick":2,"minecraft:raw_iron":107,"minecraft:big_dripleaf":5,"minecraft:torch":1,"minecraft:dandelion":2,"minecraft:gravel":10,"minecraft:pointed_dripstone":2,"minecraft:spruce_sapling":4,"tombstone:grave_dust":2,"minecraft:blast_furnace":1,"minecraft:white_bed":3,"minecraft:spruce_log":36,"minecraft:redstone":9,"minecraft:bundle":1,"minecraft:arrow":7,"minecraft:rotten_flesh":20,"minecraft:diamond":25,"minecraft:spruce_button":1,"minecraft:glistering_melon_slice":2,"minecraft:glow_berries":12,"minecraft:mutton":1,"minecraft:coal":22,"minecraft:white_wool":1,"minecraft:cobblestone":158}},"DataVersion":3465}