{"stats":{"minecraft:killed":{"minecraft:spider":5,"minecraft:skeleton":24,"minecraft:fox":1,"minecraft:tropical_fish":1,"minecraft:zombie_villager":2,"minecraft:creeper":6,"minecraft:sheep":1,"minecraft:zombie":71,"minecraft:enderman":2},"minecraft:used":{"minecraft:azalea":6,"minecraft:flint_and_steel":4,"minecraft:dried_kelp":24,"minecraft:shield":43,"minecraft:iron_sword":180,"minecraft:rotten_flesh":49,"minecraft:torch":13,"minecraft:dirt":1,"minecraft:mutton":3,"minecraft:carrot":17,"minecraft:tuff":36,"minecraft:axolotl_bucket":1,"minecraft:big_dripleaf":1,"tombstone:ankh_of_pray":12,"tombstone:tablet_of_cupidity":1,"minecraft:iron_axe":108,"minecraft:oak_stairs":4,"minecraft:golden_carrot":3,"minecraft:bow":6,"minecraft:furnace":4,"tombstone:gift":11,"minecraft:cobbled_deepslate":114,"minecraft:cooked_mutton":1,"minecraft:water_bucket":7,"minecraft:bundle":1,"minecraft:stone_pickaxe":134,"minecraft:baked_potato":8,"minecraft:oak_planks":10,"minecraft:wooden_pickaxe":60,"minecraft:diamond_axe":153,"minecraft:glow_berries":86,"minecraft:crafting_table":5,"tombstone:dust_of_vanishing":1,"minecraft:blast_furnace":5,"minecraft:white_bed":6,"tombstone:bag_of_seeds":4,"minecraft:diamond_pickaxe":5,"minecraft:iron_pickaxe":587,"tombstone:grave_key":4,"minecraft:gravel":7,"minecraft:stone_axe":61,"minecraft:cobblestone":83,"minecraft:bucket":13,"minecraft:dandelion":2,"minecraft:bone_meal":9,"minecraft:candle":4},"minecraft:crafted":{"minecraft:golden_carrot":16,"minecraft:oak_planks":44,"minecraft:smooth_stone":6,"minecraft:raw_iron":9,"minecraft:spruce_button":1,"minecraft:furnace":3,"minecraft:blast_furnace":2,"minecraft:stone":9,"minecraft:bone_meal":9,"minecraft:bow":1,"minecraft:iron_boots":2,"tombstone:grave_key":2,"minecraft:iron_axe":2,"minecraft:stone_pickaxe":1,"minecraft:dark_oak_planks":28,"minecraft:diamond_axe":1,"minecraft:crafting_table":2,"minecraft:spruce_planks":58,"minecraft:wooden_pickaxe":1,"minecraft:dried_kelp":16,"minecraft:iron_helmet":1,"minecraft:iron_sword":1,"minecraft:bucket":3,"minecraft:stone_axe":1,"minecraft:air":0,"minecraft:iron_chestplate":1,"minecraft:gold_nugget":117,"minecraft:charcoal":3,"minecraft:diamond_pickaxe":1,"minecraft:shield":3,"minecraft:stick":94,"minecraft:iron_pickaxe":5,"minecraft:iron_ingot":68,"minecraft:oak_stairs":4,"minecraft:gold_ingot":10,"minecraft:iron_leggings":1,"minecraft:white_bed":2,"minecraft:clay":1},"minecraft:killed_by":{"minecraft:creeper":3,"minecraft:spider":2,"minecraft:enderman":1,"minecraft:skeleton":18,"minecraft:zombie":4},"minecraft:broken":{"minecraft:wooden_pickaxe":1,"minecraft:stone_pickaxe":1,"minecraft:iron_pickaxe":1,"minecraft:iron_helmet":1},"minecraft:custom":{"minecraft:mob_kills":118,"tombstone:use_vanishing":1,"minecraft:interact_with_crafting_table":50,"minecraft:leave_game":1,"minecraft:time_since_death":7617,"minecraft:climb_one_cm":6739,"minecraft:sprint_one_cm":416806,"minecraft:walk_one_cm":673660,"minecraft:damage_blocked_by_shield":2785,"minecraft:drop":79,"minecraft:play_time":252905,"minecraft:deaths":28,"minecraft:sneak_time":4440,"minecraft:walk_under_water_one_cm":45017,"minecraft:boat_one_cm":95495,"tombstone:tomb_raiding":1,"minecraft:jump":4170,"minecraft:interact_with_blast_furnace":34,"minecraft:walk_on_water_one_cm":106357,"minecraft:total_world_time":252905,"minecraft:interact_with_furnace":37,"minecraft:sleep_in_bed":7,"tombstone:pray_on_grave":1,"minecraft:time_since_rest":7534,"minecraft:damage_taken":10627,"minecraft:damage_dealt":23160,"tombstone:cast_on_ally":1,"minecraft:swim_one_cm":129345,"minecraft:fly_one_cm":404000,"minecraft:player_kills":2,"minecraft:open_chest":93,"minecraft:crouch_one_cm":14443,"tombstone:undead_killed":97,"minecraft:interact_with_smoker":10,"minecraft:fall_one_cm":59770},"minecraft:mined":{"minecraft:tuff":48,"minecraft:spruce_planks":1,"minecraft:white_bed":4,"minecraft:deepslate_diamond_ore":14,"minecraft:candle":1,"minecraft:dark_oak_log":3,"minecraft:cave_vines_plant":24,"minecraft:spruce_leaves":1,"minecraft:moss_block":5,"minecraft:spore_blossom":1,"minecraft:raw_iron_block":1,"minecraft:furnace":3,"minecraft:carrots":4,"minecraft:iron_ore":59,"minecraft:fire":4,"minecraft:cobbled_deepslate":4,"minecraft:andesite":3,"minecraft:moss_carpet":1,"minecraft:gold_block":1,"minecraft:big_dripleaf_stem":3,"minecraft:pointed_dripstone":2,"minecraft:cave_vines":27,"minecraft:deepslate_iron_ore":109,"minecraft:azalea":5,"minecraft:stone":155,"minecraft:deepslate_redstone_ore":2,"minecraft:stripped_dark_oak_log":1,"minecraft:dandelion":2,"minecraft:clay":7,"minecraft:crafting_table":4,"minecraft:blast_furnace":3,"minecraft:tall_grass":28,"minecraft:cobblestone":18,"minecraft:lapis_ore":1,"minecraft:oak_planks":3,"minecraft:diorite":4,"minecraft:amethyst_block":7,"minecraft:spruce_log":36,"minecraft:grass":17,"minecraft:oak_log":13,"minecraft:coal_ore":17,"minecraft:gravel":11,"minecraft:dirt":3,"minecraft:small_dripleaf":1,"minecraft:deepslate":275,"minecraft:fern":1},"minecraft:dropped":{"minecraft:clay":1,"minecraft:moss_block":3,"minecraft:porkchop":2,"minecraft:wheat_seeds":2,"minecraft:diamond":12,"minecraft:feather":2,"minecraft:amethyst_block":6,"minecraft:spruce_button":1,"minecraft:tropical_fish":5,"minecraft:coal":16,"minecraft:stick":27,"minecraft:flint":1,"minecraft:dirt":3,"minecraft:torch":27,"tombstone:grave_key":2,"minecraft:wooden_axe":1,"minecraft:gold_nugget":4,"minecraft:wooden_sword":2,"minecraft:glistering_melon_slice":2,"minecraft:iron_pickaxe":2,"minecraft:bucket":1,"minecraft:spruce_sapling":3,"minecraft:bone":1,"minecraft:moss_carpet":4,"minecraft:iron_nugget":1,"minecraft:coarse_dirt":3,"minecraft:raw_iron":3,"minecraft:pointed_dripstone":1,"minecraft:chicken":3,"minecraft:carrot":21,"minecraft:big_dripleaf":6,"minecraft:stone":3,"minecraft:shield":2,"minecraft:spruce_planks":20,"minecraft:azalea":1,"minecraft:spruce_log":5,"minecraft:beef":1,"minecraft:arrow":2,"minecraft:wooden_pickaxe":1,"minecraft:stone_pickaxe":1},"minecraft:picked_up":{"minecraft:iron_chestplate":1,"minecraft:crafting_table":5,"minecraft:clay_ball":139,"minecraft:wooden_pickaxe":1,"minecraft:enchanted_book":2,"minecraft:gold_block":1,"minecraft:shield":1,"minecraft:amethyst_block":11,"minecraft:string":23,"minecraft:moss_carpet":28,"minecraft:wooden_sword":1,"minecraft:iron_leggings":1,"minecraft:iron_shovel":1,"minecraft:candle":1,"minecraft:gold_nugget":17,"minecraft:cobbled_deepslate":235,"minecraft:spruce_planks":3,"minecraft:beef":2,"minecraft:azalea":7,"minecraft:furnace":3,"tombstone:ankh_of_pray":1,"minecraft:raw_iron":169,"minecraft:stick":16,"minecraft:big_dripleaf":14,"minecraft:torch":20,"minecraft:dried_kelp":8,"minecraft:golden_axe":1,"tombstone:grave_dust":17,"minecraft:pointed_dripstone":3,"minecraft:diorite":4,"minecraft:carrot":46,"minecraft:redstone":31,"minecraft:stone_sword":1,"minecraft:arrow":32,"minecraft:rotten_flesh":87,"minecraft:tropical_fish":10,"minecraft:glistering_melon_slice":2,"minecraft:obsidian":2,"minecraft:mutton":1,"minecraft:glow_berries":52,"minecraft:white_wool":1,"minecraft:cobblestone":201,"minecraft:cooked_beef":5,"minecraft:golden_carrot":2,"minecraft:andesite":3,"minecraft:golden_leggings":1,"minecraft:tuff":39,"minecraft:oak_log":13,"minecraft:golden_boots":1,"minecraft:gunpowder":3,"minecraft:dirt":3,"tombstone:gift":1,"minecraft:cooked_mutton":2,"minecraft:bone":22,"minecraft:bow":3,"minecraft:wheat_seeds":5,"minecraft:raw_gold":10,"minecraft:spore_blossom":1,"minecraft:iron_ingot":26,"tombstone:bag_of_seeds":2,"minecraft:moss_block":37,"minecraft:stone_hoe":1,"minecraft:oak_planks":30,"minecraft:dandelion":2,"minecraft:raw_iron_block":1,"minecraft:gravel":10,"minecraft:amethyst_shard":8,"minecraft:spruce_sapling":4,"minecraft:blast_furnace":3,"minecraft:white_bed":4,"minecraft:spruce_log":36,"minecraft:dark_oak_log":6,"minecraft:bundle":4,"minecraft:dried_kelp_block":14,"minecraft:clay":3,"minecraft:diamond":29,"minecraft:spruce_boat":1,"minecraft:iron_helmet":1,"minecraft:bone_meal":1,"minecraft:gray_wool":6,"minecraft:spruce_button":1,"tombstone:magic_scroll":1,"minecraft:baked_potato":9,"minecraft:stripped_dark_oak_log":1,"minecraft:coal":22,"minecraft:ender_pearl":1}},"DataVersion":3465}