{"stats":{"minecraft:mined":{"minecraft:tuff":31,"minecraft:white_bed":3,"minecraft:deepslate_diamond_ore":1,"minecraft:dandelion":2,"minecraft:clay":2,"minecraft:crafting_table":2,"minecraft:blast_furnace":1,"minecraft:cobblestone":17,"minecraft:spruce_leaves":1,"minecraft:moss_block":2,"minecraft:spore_blossom":1,"minecraft:furnace":1,"minecraft:iron_ore":27,"minecraft:fire":4,"minecraft:spruce_log":36,"minecraft:moss_carpet":1,"minecraft:big_dripleaf_stem":2,"minecraft:grass":4,"minecraft:coal_ore":15,"minecraft:deepslate_iron_ore":3,"minecraft:gravel":4,"minecraft:dirt":3,"minecraft:stone":122,"minecraft:deepslate":104,"minecraft:fern":1},"minecraft:killed_by":{"minecraft:zombie":1},"minecraft:broken":{"minecraft:stone_pickaxe":1,"minecraft:wooden_pickaxe":1},"minecraft:used":{"minecraft:azalea":1,"minecraft:water_bucket":2,"minecraft:flint_and_steel":4,"minecraft:stone_pickaxe":133,"minecraft:wooden_pickaxe":60,"minecraft:rotten_flesh":3,"minecraft:dirt":1,"minecraft:mutton":3,"minecraft:crafting_table":3,"minecraft:blast_furnace":1,"minecraft:white_bed":4,"minecraft:iron_axe":4,"minecraft:iron_pickaxe":140,"minecraft:stone_axe":61,"minecraft:cobblestone":69,"minecraft:furnace":2,"minecraft:bucket":3,"tombstone:gift":1,"minecraft:dandelion":2},"minecraft:custom":{"minecraft:interact_with_furnace":17,"minecraft:mob_kills":7,"minecraft:interact_with_crafting_table":9,"minecraft:time_since_death":29711,"minecraft:sleep_in_bed":3,"minecraft:climb_one_cm":761,"minecraft:time_since_rest":28122,"minecraft:sprint_one_cm":80705,"minecraft:damage_taken":314,"minecraft:walk_one_cm":135142,"minecraft:drop":23,"minecraft:damage_dealt":1378,"minecraft:player_kills":1,"minecraft:swim_one_cm":3767,"minecraft:fly_one_cm":99169,"minecraft:open_chest":3,"minecraft:crouch_one_cm":1057,"minecraft:sneak_time":497,"minecraft:play_time":52996,"tombstone:undead_killed":5,"minecraft:deaths":1,"minecraft:walk_under_water_one_cm":144,"tombstone:tomb_raiding":1,"minecraft:jump":753,"minecraft:interact_with_blast_furnace":3,"minecraft:walk_on_water_one_cm":4569,"minecraft:total_world_time":52996,"minecraft:fall_one_cm":14486},"minecraft:crafted":{"minecraft:crafting_table":1,"minecraft:spruce_planks":34,"minecraft:wooden_pickaxe":1,"minecraft:furnace":1,"minecraft:stone":3,"minecraft:bucket":2,"minecraft:stone_axe":1,"minecraft:air":0,"minecraft:shield":2,"minecraft:iron_axe":1,"minecraft:stick":22,"minecraft:iron_ingot":27,"minecraft:iron_pickaxe":2,"minecraft:stone_pickaxe":1,"minecraft:white_bed":1},"minecraft:picked_up":{"minecraft:crafting_table":2,"minecraft:clay_ball":8,"minecraft:tuff":22,"minecraft:shield":1,"minecraft:dirt":3,"minecraft:string":1,"minecraft:moss_carpet":2,"minecraft:wheat_seeds":1,"minecraft:cobbled_deepslate":46,"minecraft:spore_blossom":1,"minecraft:azalea":1,"minecraft:moss_block":2,"minecraft:furnace":1,"minecraft:stick":2,"minecraft:raw_iron":30,"minecraft:big_dripleaf":5,"minecraft:torch":1,"minecraft:dandelion":2,"minecraft:gravel":3,"minecraft:blast_furnace":1,"tombstone:grave_dust":2,"minecraft:spruce_sapling":1,"minecraft:white_bed":3,"minecraft:spruce_log":36,"minecraft:rotten_flesh":6,"minecraft:diamond":2,"minecraft:glistering_melon_slice":2,"minecraft:glow_berries":8,"minecraft:mutton":1,"minecraft:coal":20,"minecraft:white_wool":1,"minecraft:cobblestone":138},"minecraft:killed":{"minecraft:sheep":1,"minecraft:zombie":5,"minecraft:fox":1},"minecraft:dropped":{"minecraft:porkchop":2,"minecraft:coarse_dirt":3,"minecraft:raw_iron":3,"minecraft:chicken":3,"minecraft:feather":2,"minecraft:coal":16,"minecraft:stick":4,"minecraft:flint":1,"minecraft:dirt":3,"minecraft:stone":3,"minecraft:shield":2,"minecraft:torch":19,"minecraft:spruce_planks":7,"minecraft:wooden_axe":1,"minecraft:wooden_sword":1,"minecraft:spruce_log":5,"minecraft:glistering_melon_slice":2,"minecraft:wooden_pickaxe":1,"minecraft:stone_pickaxe":1,"minecraft:iron_pickaxe":1,"minecraft:bucket":1}},"DataVersion":3465}