{"stats":{"minecraft:mined":{"minecraft:deepslate_redstone_ore":2,"minecraft:tuff":46,"minecraft:white_bed":3,"minecraft:deepslate_diamond_ore":5,"minecraft:dandelion":2,"minecraft:clay":2,"minecraft:crafting_table":3,"minecraft:blast_furnace":1,"minecraft:cobblestone":17,"minecraft:spruce_leaves":1,"minecraft:moss_block":2,"minecraft:spore_blossom":1,"minecraft:furnace":1,"minecraft:andesite":3,"minecraft:iron_ore":28,"minecraft:fire":4,"minecraft:spruce_log":36,"minecraft:moss_carpet":1,"minecraft:big_dripleaf_stem":2,"minecraft:grass":4,"minecraft:coal_ore":15,"minecraft:deepslate_iron_ore":32,"minecraft:gravel":4,"minecraft:dirt":3,"minecraft:stone":122,"minecraft:deepslate":255,"minecraft:fern":1},"minecraft:killed_by":{"minecraft:skeleton":5,"minecraft:creeper":1,"minecraft:spider":1,"minecraft:zombie":2},"minecraft:broken":{"minecraft:stone_pickaxe":1,"minecraft:iron_pickaxe":1,"minecraft:wooden_pickaxe":1},"minecraft:used":{"minecraft:azalea":1,"minecraft:water_bucket":3,"minecraft:flint_and_steel":4,"minecraft:bundle":1,"minecraft:stone_pickaxe":133,"minecraft:shield":7,"minecraft:wooden_pickaxe":60,"minecraft:rotten_flesh":14,"minecraft:glow_berries":9,"minecraft:dirt":1,"minecraft:mutton":3,"minecraft:crafting_table":3,"minecraft:blast_furnace":1,"minecraft:white_bed":4,"minecraft:tuff":36,"minecraft:iron_axe":62,"minecraft:iron_pickaxe":345,"tombstone:grave_key":1,"minecraft:stone_axe":61,"minecraft:cobblestone":69,"minecraft:furnace":2,"minecraft:bucket":4,"tombstone:gift":3,"minecraft:cobbled_deepslate":4,"minecraft:dandelion":2},"minecraft:custom":{"minecraft:interact_with_furnace":17,"minecraft:mob_kills":27,"minecraft:interact_with_crafting_table":10,"minecraft:time_since_death":2743,"minecraft:sleep_in_bed":4,"minecraft:climb_one_cm":1321,"minecraft:time_since_rest":2459,"minecraft:sprint_one_cm":205665,"minecraft:damage_taken":3002,"minecraft:walk_one_cm":233139,"minecraft:damage_blocked_by_shield":300,"minecraft:drop":33,"minecraft:damage_dealt":4894,"minecraft:player_kills":1,"minecraft:swim_one_cm":33102,"minecraft:fly_one_cm":232711,"minecraft:open_chest":4,"minecraft:crouch_one_cm":3343,"minecraft:sneak_time":1868,"minecraft:play_time":100996,"tombstone:undead_killed":24,"minecraft:deaths":9,"minecraft:walk_under_water_one_cm":9503,"tombstone:tomb_raiding":1,"minecraft:jump":1936,"minecraft:interact_with_blast_furnace":4,"minecraft:walk_on_water_one_cm":51416,"minecraft:total_world_time":100996,"minecraft:fall_one_cm":30804},"minecraft:crafted":{"minecraft:crafting_table":1,"minecraft:spruce_planks":34,"minecraft:wooden_pickaxe":1,"minecraft:furnace":1,"minecraft:stone":3,"minecraft:bucket":2,"minecraft:stone_axe":1,"minecraft:air":0,"minecraft:shield":2,"minecraft:iron_axe":1,"minecraft:stick":22,"minecraft:iron_ingot":27,"minecraft:iron_pickaxe":4,"minecraft:stone_pickaxe":1,"minecraft:white_bed":1},"minecraft:picked_up":{"minecraft:crafting_table":3,"minecraft:clay_ball":8,"minecraft:andesite":3,"minecraft:tuff":37,"minecraft:shield":1,"minecraft:dirt":3,"minecraft:string":3,"tombstone:gift":1,"minecraft:moss_carpet":2,"minecraft:bone":6,"minecraft:wheat_seeds":1,"minecraft:cobbled_deepslate":187,"minecraft:spore_blossom":1,"minecraft:azalea":1,"minecraft:moss_block":2,"minecraft:furnace":1,"minecraft:stick":2,"minecraft:raw_iron":60,"minecraft:big_dripleaf":5,"minecraft:torch":1,"minecraft:dandelion":2,"minecraft:gravel":3,"minecraft:blast_furnace":1,"tombstone:grave_dust":2,"minecraft:spruce_sapling":4,"minecraft:white_bed":3,"minecraft:spruce_log":36,"minecraft:redstone":9,"minecraft:bundle":1,"minecraft:arrow":7,"minecraft:rotten_flesh":20,"minecraft:diamond":20,"minecraft:glistering_melon_slice":2,"minecraft:glow_berries":9,"minecraft:mutton":1,"minecraft:coal":20,"minecraft:white_wool":1,"minecraft:cobblestone":138},"minecraft:killed":{"minecraft:zombie_villager":2,"minecraft:spider":1,"minecraft:skeleton":4,"minecraft:sheep":1,"minecraft:zombie":18,"minecraft:fox":1},"minecraft:dropped":{"minecraft:moss_carpet":2,"minecraft:moss_block":2,"minecraft:porkchop":2,"minecraft:wheat_seeds":1,"minecraft:coarse_dirt":3,"minecraft:diamond":9,"minecraft:raw_iron":3,"minecraft:chicken":3,"minecraft:feather":2,"minecraft:coal":16,"minecraft:stick":4,"minecraft:flint":1,"minecraft:big_dripleaf":5,"minecraft:dirt":3,"minecraft:stone":3,"minecraft:shield":2,"tombstone:grave_key":1,"minecraft:torch":19,"minecraft:spruce_planks":7,"minecraft:wooden_axe":1,"minecraft:wooden_sword":1,"minecraft:spruce_log":5,"minecraft:arrow":2,"minecraft:glistering_melon_slice":2,"minecraft:wooden_pickaxe":1,"minecraft:stone_pickaxe":1,"minecraft:iron_pickaxe":2,"minecraft:bucket":1,"minecraft:spruce_sapling":3}},"DataVersion":3465}