{"stats":{"minecraft:mined":{"minecraft:white_bed":2,"minecraft:iron_ore":6,"minecraft:fire":1,"minecraft:spruce_log":36,"minecraft:dandelion":2,"minecraft:clay":2,"minecraft:crafting_table":1,"minecraft:grass":4,"minecraft:coal_ore":15,"minecraft:dirt":2,"minecraft:cobblestone":15,"minecraft:spruce_leaves":1,"minecraft:stone":114,"minecraft:fern":1},"minecraft:killed_by":{"minecraft:zombie":1},"minecraft:broken":{"minecraft:wooden_pickaxe":1},"minecraft:used":{"minecraft:azalea":1,"minecraft:flint_and_steel":1,"minecraft:stone_pickaxe":97,"minecraft:wooden_pickaxe":60,"minecraft:rotten_flesh":3,"minecraft:stone_axe":55,"minecraft:mutton":3,"minecraft:cobblestone":39,"minecraft:crafting_table":1,"minecraft:white_bed":3,"minecraft:dandelion":1},"minecraft:custom":{"minecraft:time_since_rest":1,"minecraft:sprint_one_cm":59652,"minecraft:damage_taken":295,"minecraft:walk_one_cm":68501,"minecraft:mob_kills":5,"minecraft:drop":15,"minecraft:damage_dealt":979,"minecraft:swim_one_cm":3767,"minecraft:interact_with_crafting_table":3,"minecraft:fly_one_cm":71955,"minecraft:player_kills":1,"minecraft:open_chest":1,"minecraft:play_time":23609,"tombstone:undead_killed":3,"minecraft:deaths":1,"minecraft:walk_under_water_one_cm":144,"tombstone:tomb_raiding":1,"minecraft:jump":469,"minecraft:walk_on_water_one_cm":2070,"minecraft:time_since_death":324,"minecraft:sleep_in_bed":3,"minecraft:total_world_time":23609,"minecraft:fall_one_cm":11617},"minecraft:crafted":{"minecraft:crafting_table":1,"minecraft:spruce_planks":34,"minecraft:stick":6,"minecraft:wooden_pickaxe":1,"minecraft:stone_pickaxe":1,"minecraft:white_bed":1,"minecraft:stone_axe":1},"minecraft:picked_up":{"minecraft:crafting_table":1,"minecraft:stick":2,"minecraft:raw_iron":6,"minecraft:clay_ball":8,"minecraft:torch":1,"minecraft:dandelion":2,"minecraft:white_bed":2,"minecraft:spruce_sapling":1,"tombstone:grave_dust":2,"minecraft:spruce_log":36,"minecraft:string":1,"minecraft:dirt":2,"minecraft:rotten_flesh":3,"minecraft:wheat_seeds":1,"minecraft:azalea":1,"minecraft:mutton":1,"minecraft:coal":15,"minecraft:white_wool":1,"minecraft:cobblestone":128},"minecraft:killed":{"minecraft:sheep":1,"minecraft:zombie":3,"minecraft:fox":1},"minecraft:dropped":{"minecraft:dirt":3,"minecraft:porkchop":2,"minecraft:coarse_dirt":3,"minecraft:torch":19,"minecraft:spruce_planks":7,"minecraft:wooden_axe":1,"minecraft:raw_iron":3,"minecraft:chicken":3,"minecraft:feather":2,"minecraft:wooden_sword":1,"minecraft:spruce_log":5,"minecraft:stone_pickaxe":1,"minecraft:wooden_pickaxe":1,"minecraft:coal":16,"minecraft:stick":4}},"DataVersion":3465}