{"stats":{"minecraft:killed":{"minecraft:spider":1,"minecraft:skeleton":7,"minecraft:fox":1,"minecraft:zombie_villager":2,"minecraft:sheep":1,"minecraft:zombie":21},"minecraft:used":{"minecraft:azalea":1,"minecraft:flint_and_steel":4,"minecraft:dried_kelp":16,"minecraft:shield":7,"minecraft:rotten_flesh":22,"minecraft:dirt":1,"minecraft:mutton":3,"minecraft:tuff":36,"minecraft:iron_axe":91,"minecraft:furnace":2,"tombstone:gift":3,"minecraft:cobbled_deepslate":25,"minecraft:water_bucket":5,"minecraft:bundle":1,"minecraft:stone_pickaxe":134,"minecraft:wooden_pickaxe":60,"minecraft:glow_berries":32,"minecraft:crafting_table":3,"minecraft:blast_furnace":1,"minecraft:white_bed":4,"minecraft:iron_pickaxe":545,"tombstone:grave_key":1,"minecraft:gravel":7,"minecraft:stone_axe":61,"minecraft:cobblestone":69,"minecraft:bucket":7,"minecraft:dandelion":2},"minecraft:crafted":{"minecraft:raw_iron":9,"minecraft:spruce_button":1,"minecraft:furnace":1,"minecraft:stone":3,"minecraft:iron_axe":2,"minecraft:stone_pickaxe":1,"minecraft:crafting_table":1,"minecraft:spruce_planks":58,"minecraft:wooden_pickaxe":1,"minecraft:dried_kelp":16,"minecraft:bucket":3,"minecraft:stone_axe":1,"minecraft:air":0,"minecraft:shield":3,"minecraft:stick":30,"minecraft:iron_pickaxe":5,"minecraft:iron_ingot":27,"minecraft:white_bed":1,"minecraft:clay":1},"minecraft:killed_by":{"minecraft:creeper":2,"minecraft:spider":1,"minecraft:skeleton":8,"minecraft:zombie":2},"minecraft:broken":{"minecraft:wooden_pickaxe":1,"minecraft:stone_pickaxe":1,"minecraft:iron_pickaxe":1},"minecraft:custom":{"minecraft:mob_kills":34,"minecraft:interact_with_crafting_table":14,"minecraft:leave_game":1,"minecraft:time_since_death":4133,"minecraft:climb_one_cm":6574,"minecraft:sprint_one_cm":338423,"minecraft:walk_one_cm":396913,"minecraft:damage_blocked_by_shield":300,"minecraft:drop":37,"minecraft:play_time":162905,"minecraft:deaths":13,"minecraft:sneak_time":2005,"minecraft:walk_under_water_one_cm":27951,"minecraft:boat_one_cm":95495,"tombstone:tomb_raiding":1,"minecraft:jump":3238,"minecraft:interact_with_blast_furnace":10,"minecraft:walk_on_water_one_cm":72806,"minecraft:total_world_time":162905,"minecraft:interact_with_furnace":17,"minecraft:sleep_in_bed":6,"minecraft:time_since_rest":4110,"minecraft:damage_taken":4470,"minecraft:damage_dealt":6636,"minecraft:swim_one_cm":117952,"minecraft:fly_one_cm":306948,"minecraft:player_kills":1,"minecraft:open_chest":24,"minecraft:crouch_one_cm":3827,"tombstone:undead_killed":30,"minecraft:interact_with_smoker":10,"minecraft:fall_one_cm":46285},"minecraft:mined":{"minecraft:tuff":48,"minecraft:white_bed":3,"minecraft:deepslate_diamond_ore":12,"minecraft:cave_vines_plant":18,"minecraft:spruce_leaves":1,"minecraft:moss_block":4,"minecraft:spore_blossom":1,"minecraft:raw_iron_block":1,"minecraft:furnace":1,"minecraft:iron_ore":58,"minecraft:fire":4,"minecraft:cobbled_deepslate":1,"minecraft:andesite":3,"minecraft:moss_carpet":1,"minecraft:gold_block":1,"minecraft:big_dripleaf_stem":2,"minecraft:pointed_dripstone":2,"minecraft:cave_vines":20,"minecraft:deepslate_iron_ore":100,"minecraft:stone":155,"minecraft:deepslate_redstone_ore":2,"minecraft:dandelion":2,"minecraft:clay":7,"minecraft:crafting_table":3,"minecraft:blast_furnace":1,"minecraft:tall_grass":3,"minecraft:cobblestone":17,"minecraft:lapis_ore":1,"minecraft:diorite":4,"minecraft:spruce_log":36,"minecraft:grass":7,"minecraft:coal_ore":17,"minecraft:gravel":11,"minecraft:dirt":3,"minecraft:deepslate":258,"minecraft:fern":1},"minecraft:dropped":{"minecraft:moss_block":3,"minecraft:porkchop":2,"minecraft:wheat_seeds":1,"minecraft:diamond":9,"minecraft:feather":2,"minecraft:spruce_button":1,"minecraft:coal":16,"minecraft:stick":4,"minecraft:flint":1,"minecraft:dirt":3,"minecraft:torch":19,"tombstone:grave_key":2,"minecraft:wooden_axe":1,"minecraft:wooden_sword":1,"minecraft:glistering_melon_slice":2,"minecraft:iron_pickaxe":2,"minecraft:bucket":1,"minecraft:spruce_sapling":3,"minecraft:moss_carpet":2,"minecraft:coarse_dirt":3,"minecraft:raw_iron":3,"minecraft:pointed_dripstone":1,"minecraft:chicken":3,"minecraft:big_dripleaf":5,"minecraft:stone":3,"minecraft:shield":2,"minecraft:spruce_planks":7,"minecraft:spruce_log":5,"minecraft:arrow":2,"minecraft:wooden_pickaxe":1,"minecraft:stone_pickaxe":1},"minecraft:picked_up":{"minecraft:crafting_table":3,"minecraft:clay_ball":24,"minecraft:gold_block":1,"minecraft:shield":1,"minecraft:string":3,"minecraft:moss_carpet":2,"minecraft:cobbled_deepslate":190,"minecraft:azalea":1,"minecraft:furnace":1,"minecraft:raw_iron":158,"minecraft:stick":2,"minecraft:big_dripleaf":5,"minecraft:torch":1,"tombstone:grave_dust":3,"minecraft:pointed_dripstone":3,"minecraft:diorite":4,"minecraft:redstone":9,"minecraft:arrow":8,"minecraft:rotten_flesh":28,"minecraft:glistering_melon_slice":2,"minecraft:mutton":1,"minecraft:glow_berries":39,"minecraft:white_wool":1,"minecraft:cobblestone":170,"minecraft:andesite":3,"minecraft:tuff":39,"minecraft:dirt":3,"tombstone:gift":1,"minecraft:bone":9,"minecraft:wheat_seeds":1,"minecraft:spore_blossom":1,"minecraft:moss_block":4,"minecraft:dandelion":2,"minecraft:raw_iron_block":1,"minecraft:gravel":10,"minecraft:spruce_sapling":4,"minecraft:blast_furnace":1,"minecraft:white_bed":3,"minecraft:spruce_log":36,"minecraft:bundle":1,"minecraft:clay":1,"minecraft:diamond":27,"minecraft:spruce_button":1,"minecraft:coal":22}},"DataVersion":3465}