{"stats":{"minecraft:mined":{"minecraft:white_bed":3,"minecraft:dandelion":2,"minecraft:clay":2,"minecraft:crafting_table":2,"minecraft:blast_furnace":1,"minecraft:cobblestone":17,"minecraft:spruce_leaves":1,"minecraft:moss_block":2,"minecraft:spore_blossom":1,"minecraft:furnace":1,"minecraft:iron_ore":27,"minecraft:fire":4,"minecraft:spruce_log":36,"minecraft:moss_carpet":1,"minecraft:big_dripleaf_stem":2,"minecraft:grass":4,"minecraft:coal_ore":15,"minecraft:deepslate_iron_ore":3,"minecraft:dirt":3,"minecraft:stone":122,"minecraft:deepslate":5,"minecraft:fern":1},"minecraft:killed_by":{"minecraft:zombie":1},"minecraft:broken":{"minecraft:stone_pickaxe":1,"minecraft:wooden_pickaxe":1},"minecraft:used":{"minecraft:azalea":1,"minecraft:flint_and_steel":4,"minecraft:stone_pickaxe":133,"minecraft:wooden_pickaxe":60,"minecraft:rotten_flesh":3,"minecraft:dirt":1,"minecraft:mutton":3,"minecraft:crafting_table":3,"minecraft:blast_furnace":1,"minecraft:white_bed":4,"minecraft:iron_axe":1,"minecraft:iron_pickaxe":5,"minecraft:stone_axe":61,"minecraft:cobblestone":69,"minecraft:furnace":2,"tombstone:gift":1,"minecraft:dandelion":2},"minecraft:custom":{"minecraft:interact_with_furnace":17,"minecraft:mob_kills":6,"minecraft:interact_with_crafting_table":9,"minecraft:time_since_death":17711,"minecraft:sleep_in_bed":3,"minecraft:climb_one_cm":608,"minecraft:time_since_rest":16122,"minecraft:sprint_one_cm":72571,"minecraft:damage_taken":295,"minecraft:walk_one_cm":103117,"minecraft:drop":23,"minecraft:damage_dealt":1178,"minecraft:player_kills":1,"minecraft:swim_one_cm":3767,"minecraft:fly_one_cm":93754,"minecraft:open_chest":2,"minecraft:crouch_one_cm":692,"minecraft:sneak_time":294,"minecraft:play_time":40996,"tombstone:undead_killed":4,"minecraft:deaths":1,"minecraft:walk_under_water_one_cm":144,"tombstone:tomb_raiding":1,"minecraft:jump":602,"minecraft:interact_with_blast_furnace":3,"minecraft:walk_on_water_one_cm":3189,"minecraft:total_world_time":40996,"minecraft:fall_one_cm":12844},"minecraft:crafted":{"minecraft:crafting_table":1,"minecraft:spruce_planks":34,"minecraft:wooden_pickaxe":1,"minecraft:furnace":1,"minecraft:stone":3,"minecraft:bucket":2,"minecraft:stone_axe":1,"minecraft:air":0,"minecraft:shield":2,"minecraft:iron_axe":1,"minecraft:stick":22,"minecraft:iron_ingot":27,"minecraft:iron_pickaxe":2,"minecraft:stone_pickaxe":1,"minecraft:white_bed":1},"minecraft:picked_up":{"minecraft:crafting_table":2,"minecraft:clay_ball":8,"minecraft:shield":1,"minecraft:dirt":3,"minecraft:string":1,"minecraft:moss_carpet":2,"minecraft:wheat_seeds":1,"minecraft:cobbled_deepslate":7,"minecraft:spore_blossom":1,"minecraft:azalea":1,"minecraft:moss_block":2,"minecraft:furnace":1,"minecraft:stick":2,"minecraft:raw_iron":30,"minecraft:big_dripleaf":5,"minecraft:torch":1,"minecraft:dandelion":2,"minecraft:blast_furnace":1,"tombstone:grave_dust":2,"minecraft:spruce_sapling":1,"minecraft:white_bed":3,"minecraft:spruce_log":36,"minecraft:rotten_flesh":4,"minecraft:glistering_melon_slice":2,"minecraft:glow_berries":7,"minecraft:mutton":1,"minecraft:coal":20,"minecraft:white_wool":1,"minecraft:cobblestone":138},"minecraft:killed":{"minecraft:sheep":1,"minecraft:zombie":4,"minecraft:fox":1},"minecraft:dropped":{"minecraft:porkchop":2,"minecraft:coarse_dirt":3,"minecraft:raw_iron":3,"minecraft:chicken":3,"minecraft:feather":2,"minecraft:coal":16,"minecraft:stick":4,"minecraft:flint":1,"minecraft:dirt":3,"minecraft:stone":3,"minecraft:shield":2,"minecraft:torch":19,"minecraft:spruce_planks":7,"minecraft:wooden_axe":1,"minecraft:wooden_sword":1,"minecraft:spruce_log":5,"minecraft:glistering_melon_slice":2,"minecraft:wooden_pickaxe":1,"minecraft:stone_pickaxe":1,"minecraft:iron_pickaxe":1,"minecraft:bucket":1}},"DataVersion":3465}