{"stats":{"minecraft:mined":{"minecraft:iron_ore":4,"minecraft:spruce_log":9,"minecraft:dandelion":2,"minecraft:grass":3,"minecraft:coal_ore":11,"minecraft:dirt":2,"minecraft:cobblestone":15,"minecraft:stone":33},"minecraft:used":{"minecraft:stone_pickaxe":32,"minecraft:wooden_pickaxe":35,"minecraft:stone_axe":12,"minecraft:mutton":3,"minecraft:cobblestone":23,"minecraft:dandelion":1},"minecraft:custom":{"minecraft:time_since_rest":11609,"minecraft:sprint_one_cm":35466,"minecraft:damage_taken":70,"minecraft:walk_one_cm":27547,"minecraft:mob_kills":1,"minecraft:drop":15,"minecraft:damage_dealt":279,"minecraft:interact_with_crafting_table":2,"minecraft:fly_one_cm":49082,"minecraft:player_kills":1,"minecraft:play_time":11609,"tombstone:tomb_raiding":1,"minecraft:jump":260,"minecraft:time_since_death":11609,"minecraft:total_world_time":11609,"minecraft:fall_one_cm":8151},"minecraft:crafted":{"minecraft:spruce_planks":6,"minecraft:stick":6,"minecraft:wooden_pickaxe":1,"minecraft:stone_pickaxe":1,"minecraft:stone_axe":1},"minecraft:picked_up":{"minecraft:stick":2,"minecraft:raw_iron":4,"minecraft:torch":1,"minecraft:dandelion":2,"minecraft:spruce_sapling":1,"minecraft:spruce_log":9,"minecraft:dirt":2,"minecraft:wheat_seeds":1,"minecraft:mutton":1,"minecraft:coal":11,"minecraft:white_wool":1,"minecraft:cobblestone":48},"minecraft:killed":{"minecraft:sheep":1},"minecraft:dropped":{"minecraft:dirt":3,"minecraft:porkchop":2,"minecraft:coarse_dirt":3,"minecraft:torch":19,"minecraft:spruce_planks":7,"minecraft:wooden_axe":1,"minecraft:raw_iron":3,"minecraft:chicken":3,"minecraft:feather":2,"minecraft:wooden_sword":1,"minecraft:spruce_log":5,"minecraft:stone_pickaxe":1,"minecraft:wooden_pickaxe":1,"minecraft:coal":16,"minecraft:stick":4}},"DataVersion":3465}