{"stats":{"minecraft:killed":{"minecraft:spider":1,"minecraft:skeleton":10,"minecraft:fox":1,"minecraft:zombie_villager":2,"minecraft:creeper":2,"minecraft:sheep":1,"minecraft:zombie":26},"minecraft:used":{"minecraft:azalea":1,"minecraft:flint_and_steel":4,"minecraft:dried_kelp":16,"minecraft:shield":19,"minecraft:rotten_flesh":22,"minecraft:torch":2,"minecraft:dirt":1,"minecraft:mutton":3,"minecraft:tuff":36,"minecraft:iron_axe":108,"minecraft:furnace":4,"tombstone:gift":3,"minecraft:cobbled_deepslate":29,"minecraft:water_bucket":7,"minecraft:bundle":1,"minecraft:stone_pickaxe":134,"minecraft:wooden_pickaxe":60,"minecraft:diamond_axe":29,"minecraft:glow_berries":82,"minecraft:crafting_table":4,"minecraft:blast_furnace":3,"minecraft:white_bed":4,"minecraft:iron_pickaxe":582,"tombstone:grave_key":2,"minecraft:gravel":7,"minecraft:stone_axe":61,"minecraft:cobblestone":69,"minecraft:bucket":12,"minecraft:dandelion":2},"minecraft:crafted":{"minecraft:smooth_stone":6,"minecraft:raw_iron":9,"minecraft:spruce_button":1,"minecraft:furnace":3,"minecraft:blast_furnace":2,"minecraft:stone":9,"minecraft:bone_meal":9,"minecraft:iron_boots":1,"minecraft:iron_axe":2,"minecraft:stone_pickaxe":1,"minecraft:diamond_axe":1,"minecraft:crafting_table":1,"minecraft:spruce_planks":58,"minecraft:wooden_pickaxe":1,"minecraft:dried_kelp":16,"minecraft:iron_helmet":1,"minecraft:iron_sword":1,"minecraft:bucket":3,"minecraft:stone_axe":1,"minecraft:air":0,"minecraft:iron_chestplate":1,"minecraft:diamond_pickaxe":1,"minecraft:shield":3,"minecraft:stick":38,"minecraft:iron_pickaxe":5,"minecraft:iron_ingot":68,"minecraft:iron_leggings":1,"minecraft:white_bed":1,"minecraft:clay":1},"minecraft:killed_by":{"minecraft:creeper":2,"minecraft:spider":1,"minecraft:skeleton":10,"minecraft:zombie":2},"minecraft:broken":{"minecraft:wooden_pickaxe":1,"minecraft:stone_pickaxe":1,"minecraft:iron_pickaxe":1},"minecraft:custom":{"minecraft:mob_kills":45,"minecraft:interact_with_crafting_table":28,"minecraft:leave_game":1,"minecraft:time_since_death":14806,"minecraft:climb_one_cm":6739,"minecraft:sprint_one_cm":374837,"minecraft:walk_one_cm":453757,"minecraft:damage_blocked_by_shield":895,"minecraft:drop":67,"minecraft:play_time":186905,"minecraft:deaths":15,"minecraft:sneak_time":2054,"minecraft:walk_under_water_one_cm":27991,"minecraft:boat_one_cm":95495,"tombstone:tomb_raiding":1,"minecraft:jump":3562,"minecraft:interact_with_blast_furnace":30,"minecraft:walk_on_water_one_cm":75439,"minecraft:total_world_time":186905,"minecraft:interact_with_furnace":35,"minecraft:sleep_in_bed":6,"minecraft:time_since_rest":14606,"minecraft:damage_taken":5488,"minecraft:damage_dealt":9050,"minecraft:swim_one_cm":118404,"minecraft:fly_one_cm":333982,"minecraft:player_kills":1,"minecraft:open_chest":24,"minecraft:crouch_one_cm":3881,"tombstone:undead_killed":38,"minecraft:interact_with_smoker":10,"minecraft:fall_one_cm":51285},"minecraft:mined":{"minecraft:tuff":48,"minecraft:white_bed":3,"minecraft:deepslate_diamond_ore":12,"minecraft:cave_vines_plant":24,"minecraft:spruce_leaves":1,"minecraft:moss_block":4,"minecraft:spore_blossom":1,"minecraft:raw_iron_block":1,"minecraft:furnace":3,"minecraft:iron_ore":59,"minecraft:fire":4,"minecraft:cobbled_deepslate":2,"minecraft:andesite":3,"minecraft:moss_carpet":1,"minecraft:gold_block":1,"minecraft:big_dripleaf_stem":2,"minecraft:pointed_dripstone":2,"minecraft:cave_vines":27,"minecraft:deepslate_iron_ore":109,"minecraft:azalea":1,"minecraft:stone":155,"minecraft:deepslate_redstone_ore":2,"minecraft:dandelion":2,"minecraft:clay":7,"minecraft:crafting_table":4,"minecraft:blast_furnace":3,"minecraft:tall_grass":5,"minecraft:cobblestone":17,"minecraft:lapis_ore":1,"minecraft:diorite":4,"minecraft:amethyst_block":4,"minecraft:spruce_log":36,"minecraft:grass":7,"minecraft:oak_log":7,"minecraft:coal_ore":17,"minecraft:gravel":11,"minecraft:dirt":3,"minecraft:deepslate":274,"minecraft:fern":1},"minecraft:dropped":{"minecraft:clay":1,"minecraft:moss_block":3,"minecraft:porkchop":2,"minecraft:wheat_seeds":1,"minecraft:diamond":12,"minecraft:feather":2,"minecraft:amethyst_block":2,"minecraft:spruce_button":1,"minecraft:coal":16,"minecraft:stick":23,"minecraft:flint":1,"minecraft:dirt":3,"minecraft:torch":27,"tombstone:grave_key":2,"minecraft:wooden_axe":1,"minecraft:wooden_sword":2,"minecraft:glistering_melon_slice":2,"minecraft:iron_pickaxe":2,"minecraft:bucket":1,"minecraft:spruce_sapling":3,"minecraft:bone":1,"minecraft:moss_carpet":2,"minecraft:iron_nugget":1,"minecraft:coarse_dirt":3,"minecraft:raw_iron":3,"minecraft:pointed_dripstone":1,"minecraft:chicken":3,"minecraft:big_dripleaf":6,"minecraft:stone":3,"minecraft:shield":2,"minecraft:spruce_planks":19,"minecraft:azalea":1,"minecraft:spruce_log":5,"minecraft:arrow":2,"minecraft:wooden_pickaxe":1,"minecraft:stone_pickaxe":1},"minecraft:picked_up":{"minecraft:crafting_table":5,"minecraft:clay_ball":75,"minecraft:wooden_pickaxe":1,"minecraft:gold_block":1,"minecraft:shield":1,"minecraft:amethyst_block":2,"minecraft:string":4,"minecraft:moss_carpet":4,"minecraft:wooden_sword":1,"minecraft:cobbled_deepslate":217,"minecraft:azalea":2,"minecraft:furnace":3,"minecraft:raw_iron":168,"minecraft:stick":16,"minecraft:big_dripleaf":6,"minecraft:torch":1,"minecraft:golden_axe":1,"tombstone:grave_dust":7,"minecraft:pointed_dripstone":3,"minecraft:diorite":4,"minecraft:redstone":9,"minecraft:arrow":13,"minecraft:rotten_flesh":34,"minecraft:glistering_melon_slice":2,"minecraft:mutton":1,"minecraft:glow_berries":52,"minecraft:white_wool":1,"minecraft:cobblestone":199,"minecraft:andesite":3,"minecraft:tuff":39,"minecraft:oak_log":7,"minecraft:golden_boots":1,"minecraft:gunpowder":1,"minecraft:dirt":3,"tombstone:gift":1,"minecraft:bone":14,"minecraft:wheat_seeds":1,"minecraft:spore_blossom":1,"minecraft:iron_ingot":26,"minecraft:moss_block":4,"minecraft:dandelion":2,"minecraft:raw_iron_block":1,"minecraft:gravel":10,"minecraft:spruce_sapling":4,"minecraft:blast_furnace":3,"minecraft:white_bed":3,"minecraft:spruce_log":36,"minecraft:bundle":1,"minecraft:clay":1,"minecraft:diamond":27,"minecraft:spruce_boat":1,"minecraft:spruce_button":1,"minecraft:coal":22}},"DataVersion":3465}