{"stats":{"minecraft:killed":{"minecraft:spider":5,"minecraft:skeleton":26,"minecraft:fox":1,"minecraft:warden":3,"minecraft:tropical_fish":1,"minecraft:zombie_villager":2,"minecraft:creeper":6,"minecraft:sheep":1,"minecraft:zombie":76,"minecraft:enderman":2},"minecraft:used":{"minecraft:azalea":6,"minecraft:flint_and_steel":4,"minecraft:cracked_deepslate_bricks":2,"minecraft:dried_kelp":24,"minecraft:chest":2,"minecraft:shield":47,"minecraft:iron_sword":347,"minecraft:rotten_flesh":49,"minecraft:torch":13,"minecraft:dirt":1,"minecraft:mutton":3,"minecraft:carrot":17,"minecraft:tuff":36,"minecraft:axolotl_bucket":1,"minecraft:big_dripleaf":1,"minecraft:dark_oak_planks":1,"tombstone:ankh_of_pray":12,"tombstone:tablet_of_cupidity":1,"minecraft:iron_axe":108,"minecraft:oak_stairs":4,"minecraft:golden_carrot":6,"minecraft:bow":6,"minecraft:furnace":4,"tombstone:gift":12,"minecraft:cobbled_deepslate":179,"minecraft:cooked_mutton":1,"minecraft:water_bucket":8,"minecraft:bundle":1,"minecraft:stone_pickaxe":134,"minecraft:baked_potato":8,"minecraft:oak_planks":10,"minecraft:wooden_pickaxe":60,"minecraft:diamond_axe":205,"minecraft:glow_berries":86,"minecraft:crafting_table":6,"tombstone:dust_of_vanishing":1,"minecraft:blast_furnace":5,"minecraft:white_bed":6,"tombstone:bag_of_seeds":4,"minecraft:diamond_pickaxe":66,"minecraft:iron_pickaxe":587,"tombstone:grave_key":5,"minecraft:gravel":7,"minecraft:stone_axe":61,"minecraft:cobblestone":83,"minecraft:bucket":13,"minecraft:gray_wool":4,"minecraft:dandelion":2,"minecraft:bone_meal":9,"minecraft:candle":4},"minecraft:crafted":{"minecraft:golden_carrot":16,"minecraft:oak_planks":44,"minecraft:smooth_stone":6,"minecraft:raw_iron":9,"minecraft:spruce_button":1,"minecraft:furnace":3,"minecraft:blast_furnace":2,"minecraft:stone":9,"minecraft:bone_meal":9,"minecraft:cooked_mutton":5,"minecraft:bow":1,"minecraft:iron_boots":3,"tombstone:grave_key":2,"minecraft:iron_axe":2,"minecraft:stone_pickaxe":1,"minecraft:chest":2,"minecraft:dark_oak_planks":28,"minecraft:diamond_axe":1,"minecraft:crafting_table":2,"minecraft:spruce_planks":58,"minecraft:wooden_pickaxe":1,"minecraft:dried_kelp":16,"minecraft:iron_helmet":2,"minecraft:iron_sword":2,"minecraft:bucket":3,"minecraft:stone_axe":1,"minecraft:air":0,"minecraft:iron_chestplate":3,"minecraft:gold_nugget":117,"minecraft:charcoal":3,"minecraft:diamond_pickaxe":1,"minecraft:shield":3,"minecraft:stick":98,"minecraft:iron_pickaxe":5,"minecraft:iron_ingot":68,"minecraft:oak_stairs":4,"minecraft:gold_ingot":10,"minecraft:iron_leggings":2,"minecraft:white_bed":2,"minecraft:clay":1},"minecraft:killed_by":{"minecraft:player":3,"minecraft:creeper":3,"minecraft:spider":2,"minecraft:enderman":1,"minecraft:warden":32,"minecraft:skeleton":19,"minecraft:zombie":4},"minecraft:broken":{"minecraft:iron_boots":1,"minecraft:iron_chestplate":1,"minecraft:iron_leggings":1,"minecraft:wooden_pickaxe":1,"minecraft:stone_pickaxe":1,"minecraft:iron_pickaxe":1,"minecraft:iron_helmet":2},"minecraft:custom":{"minecraft:mob_kills":130,"tombstone:use_vanishing":1,"minecraft:interact_with_crafting_table":59,"minecraft:leave_game":2,"minecraft:time_since_death":14297,"minecraft:climb_one_cm":7035,"minecraft:sprint_one_cm":539668,"minecraft:walk_one_cm":828299,"minecraft:damage_blocked_by_shield":2920,"minecraft:drop":81,"minecraft:play_time":305076,"minecraft:deaths":65,"minecraft:sneak_time":11587,"minecraft:walk_under_water_one_cm":65241,"minecraft:boat_one_cm":95495,"tombstone:tomb_raiding":1,"minecraft:jump":5151,"minecraft:interact_with_blast_furnace":35,"minecraft:walk_on_water_one_cm":121798,"minecraft:total_world_time":305076,"minecraft:interact_with_furnace":39,"minecraft:sleep_in_bed":7,"tombstone:pray_on_grave":1,"minecraft:time_since_rest":14050,"minecraft:damage_taken":23846,"minecraft:damage_dealt":37415,"tombstone:cast_on_ally":1,"minecraft:swim_one_cm":147735,"minecraft:fly_one_cm":682087,"minecraft:player_kills":3,"minecraft:open_chest":122,"minecraft:crouch_one_cm":47561,"tombstone:undead_killed":104,"minecraft:interact_with_smoker":10,"minecraft:fall_one_cm":81625},"minecraft:mined":{"minecraft:dark_oak_planks":1,"minecraft:blue_carpet":1,"minecraft:tuff":48,"minecraft:spruce_planks":1,"minecraft:white_bed":4,"minecraft:deepslate_diamond_ore":16,"minecraft:candle":1,"minecraft:sculk_vein":1,"minecraft:dark_oak_log":3,"minecraft:cave_vines_plant":24,"minecraft:deepslate_bricks":6,"minecraft:blue_wool":4,"minecraft:spruce_leaves":1,"minecraft:moss_block":5,"minecraft:spore_blossom":1,"minecraft:raw_iron_block":1,"minecraft:furnace":3,"minecraft:carrots":4,"minecraft:polished_basalt":2,"minecraft:iron_ore":59,"minecraft:fire":4,"minecraft:cobbled_deepslate":10,"minecraft:andesite":3,"minecraft:moss_carpet":1,"minecraft:gold_block":1,"minecraft:big_dripleaf_stem":3,"minecraft:sculk_shrieker":1,"minecraft:pointed_dripstone":2,"minecraft:cave_vines":29,"minecraft:deepslate_iron_ore":109,"minecraft:azalea":5,"minecraft:stone":155,"minecraft:deepslate_redstone_ore":2,"minecraft:soul_sand":1,"minecraft:soul_fire":24,"minecraft:stripped_dark_oak_log":1,"minecraft:dandelion":2,"minecraft:clay":7,"minecraft:crafting_table":5,"minecraft:blast_furnace":3,"minecraft:sculk_sensor":16,"minecraft:tall_grass":28,"minecraft:cobblestone":18,"minecraft:lapis_ore":1,"minecraft:cracked_deepslate_bricks":3,"minecraft:oak_planks":3,"minecraft:sculk":6,"minecraft:diorite":4,"minecraft:amethyst_block":7,"minecraft:cyan_wool":6,"minecraft:gray_wool":4,"minecraft:spruce_log":36,"minecraft:grass":17,"minecraft:oak_log":13,"minecraft:coal_ore":17,"minecraft:gravel":11,"minecraft:dirt":3,"minecraft:small_dripleaf":1,"minecraft:deepslate":275,"minecraft:fern":1},"minecraft:dropped":{"minecraft:clay":1,"minecraft:iron_sword":1,"minecraft:moss_block":3,"minecraft:porkchop":2,"minecraft:wheat_seeds":2,"minecraft:diamond_axe":1,"minecraft:diamond":12,"minecraft:feather":2,"minecraft:amethyst_block":6,"minecraft:spruce_button":1,"minecraft:tropical_fish":5,"minecraft:coal":16,"minecraft:stick":27,"minecraft:flint":1,"minecraft:dirt":3,"minecraft:torch":27,"tombstone:grave_key":2,"minecraft:wooden_axe":1,"minecraft:gold_nugget":4,"minecraft:wooden_sword":2,"minecraft:glistering_melon_slice":2,"minecraft:iron_pickaxe":2,"minecraft:bucket":1,"minecraft:spruce_sapling":3,"minecraft:bone":1,"minecraft:moss_carpet":4,"minecraft:iron_nugget":1,"minecraft:coarse_dirt":3,"minecraft:raw_iron":3,"minecraft:pointed_dripstone":1,"minecraft:chicken":3,"minecraft:carrot":21,"minecraft:big_dripleaf":6,"minecraft:stone":3,"minecraft:shield":2,"minecraft:spruce_planks":20,"minecraft:azalea":1,"minecraft:spruce_log":5,"minecraft:beef":1,"minecraft:arrow":2,"minecraft:wooden_pickaxe":1,"minecraft:stone_pickaxe":1},"minecraft:picked_up":{"minecraft:iron_chestplate":1,"minecraft:crafting_table":7,"minecraft:chicken":7,"minecraft:clay_ball":147,"minecraft:wooden_pickaxe":1,"minecraft:enchanted_book":5,"minecraft:gold_block":1,"minecraft:diamond_horse_armor":1,"minecraft:shield":1,"minecraft:amethyst_block":11,"minecraft:string":23,"minecraft:moss_carpet":28,"minecraft:wooden_sword":1,"minecraft:iron_leggings":1,"minecraft:iron_shovel":3,"minecraft:candle":1,"minecraft:gold_nugget":17,"minecraft:cobbled_deepslate":241,"minecraft:spruce_planks":3,"minecraft:beef":25,"minecraft:cyan_wool":6,"minecraft:azalea":7,"minecraft:iron_pickaxe":1,"minecraft:blue_wool":2,"minecraft:furnace":3,"tombstone:ankh_of_pray":1,"minecraft:raw_iron":169,"minecraft:stick":16,"minecraft:big_dripleaf":14,"minecraft:torch":20,"minecraft:dried_kelp":8,"minecraft:golden_axe":1,"tombstone:grave_dust":31,"minecraft:pointed_dripstone":3,"minecraft:diorite":4,"minecraft:carrot":46,"minecraft:redstone":31,"minecraft:dark_oak_planks":1,"minecraft:stone_sword":2,"minecraft:arrow":34,"minecraft:rotten_flesh":90,"minecraft:tropical_fish":10,"minecraft:polished_basalt":2,"minecraft:deepslate_bricks":3,"minecraft:hay_block":22,"minecraft:cracked_deepslate_bricks":3,"minecraft:saddle":1,"minecraft:glistering_melon_slice":2,"minecraft:obsidian":2,"minecraft:mutton":1,"minecraft:glow_berries":52,"minecraft:white_wool":32,"minecraft:cobblestone":201,"minecraft:cooked_beef":5,"minecraft:golden_carrot":2,"minecraft:andesite":3,"minecraft:golden_leggings":1,"minecraft:tuff":39,"minecraft:oak_log":13,"minecraft:golden_boots":1,"minecraft:gunpowder":3,"minecraft:lapis_lazuli":54,"minecraft:dirt":3,"tombstone:gift":1,"minecraft:cooked_mutton":2,"minecraft:bone":42,"minecraft:bow":3,"minecraft:wheat_seeds":5,"minecraft:raw_gold":10,"minecraft:stone_pickaxe":1,"minecraft:spore_blossom":1,"minecraft:iron_ingot":26,"tombstone:bag_of_seeds":2,"minecraft:moss_block":53,"minecraft:stone_hoe":1,"minecraft:oak_planks":35,"minecraft:soul_sand":1,"minecraft:sculk_catalyst":1,"minecraft:dandelion":2,"minecraft:raw_iron_block":1,"minecraft:gravel":10,"minecraft:amethyst_shard":20,"minecraft:spruce_sapling":4,"minecraft:blast_furnace":3,"minecraft:white_bed":4,"minecraft:spruce_log":36,"minecraft:dark_oak_log":6,"minecraft:bundle":9,"minecraft:dried_kelp_block":14,"minecraft:clay":3,"minecraft:diamond":31,"minecraft:spruce_boat":1,"minecraft:iron_helmet":1,"minecraft:bone_meal":1,"minecraft:gray_wool":10,"minecraft:spruce_button":1,"tombstone:magic_scroll":1,"minecraft:baked_potato":9,"minecraft:stripped_dark_oak_log":1,"minecraft:coal":22,"minecraft:ender_pearl":1}},"DataVersion":3465}