{"stats":{"minecraft:killed":{"minecraft:spider":10,"minecraft:skeleton":35,"minecraft:chicken":4,"minecraft:zombie_villager":3,"minecraft:salmon":2,"minecraft:creeper":10,"minecraft:sheep":10,"minecraft:zombie":90,"minecraft:cow":3,"minecraft:warden":1,"minecraft:bat":1,"minecraft:enderman":7},"minecraft:used":{"minecraft:moss_block":12,"minecraft:iron_shovel":2,"minecraft:diamond_hoe":37,"minecraft:chest":16,"minecraft:shield":148,"minecraft:iron_sword":9,"minecraft:rotten_flesh":45,"minecraft:iron_chestplate":1,"minecraft:carrot":72,"minecraft:tuff":33,"minecraft:stripped_spruce_log":1,"minecraft:spruce_boat":1,"minecraft:iron_helmet":1,"minecraft:dark_oak_boat":2,"minecraft:furnace":8,"minecraft:gray_bed":1,"minecraft:potato":17,"minecraft:oak_planks":49,"minecraft:stone_pickaxe":100,"minecraft:dark_oak_sign":3,"minecraft:wooden_pickaxe":22,"minecraft:diamond_axe":452,"minecraft:white_wool":1,"minecraft:glow_berries":57,"minecraft:blast_furnace":2,"minecraft:dark_oak_log":24,"tombstone:grave_key":10,"minecraft:wooden_sword":28,"minecraft:andesite":11,"minecraft:bone_meal":96,"minecraft:stone_sword":91,"minecraft:cracked_deepslate_bricks":1,"minecraft:tropical_fish":3,"minecraft:spruce_planks":17,"minecraft:cooked_salmon":2,"minecraft:stone_hoe":1,"minecraft:cooked_chicken":3,"minecraft:torch":64,"minecraft:dirt":9,"minecraft:dark_oak_planks":30,"minecraft:wooden_axe":13,"tombstone:ankh_of_pray":21,"minecraft:iron_axe":280,"minecraft:iron_boots":1,"minecraft:golden_carrot":7,"tombstone:gift":9,"minecraft:cooked_beef":3,"minecraft:cobbled_deepslate":248,"minecraft:enchanted_golden_apple":1,"minecraft:golden_axe":1,"minecraft:iron_leggings":2,"minecraft:cooked_mutton":13,"minecraft:water_bucket":14,"minecraft:amethyst_block":37,"minecraft:baked_potato":32,"minecraft:deepslate_bricks":2,"minecraft:crafting_table":10,"minecraft:white_bed":1,"minecraft:smoker":6,"minecraft:dark_oak_door":2,"minecraft:diamond_pickaxe":46,"minecraft:iron_pickaxe":666,"tombstone:magic_scroll":1,"minecraft:stone_axe":113,"minecraft:cobblestone":68,"minecraft:bucket":14,"minecraft:soul_torch":5},"minecraft:crafted":{"minecraft:smooth_stone":3,"minecraft:oak_planks":64,"minecraft:dark_oak_boat":2,"minecraft:cooked_chicken":3,"minecraft:stone":12,"minecraft:cooked_mutton":14,"minecraft:dark_oak_door":3,"minecraft:iron_boots":2,"tombstone:grave_key":2,"minecraft:chest":11,"minecraft:dried_kelp_block":21,"minecraft:stone_hoe":2,"minecraft:gray_bed":1,"minecraft:smoker":3,"minecraft:diamond_axe":1,"minecraft:crafting_table":3,"minecraft:spruce_planks":116,"minecraft:iron_helmet":2,"minecraft:wooden_pickaxe":2,"minecraft:baked_potato":41,"minecraft:iron_chestplate":2,"minecraft:diamond_pickaxe":1,"minecraft:charcoal":43,"minecraft:shield":3,"minecraft:stick":72,"minecraft:iron_ingot":149,"minecraft:iron_pickaxe":1,"minecraft:iron_block":3,"minecraft:stone_sword":1,"minecraft:gold_ingot":10,"minecraft:golden_carrot":10,"minecraft:wooden_sword":1,"minecraft:raw_iron":9,"minecraft:stone_shovel":1,"minecraft:furnace":5,"minecraft:blast_furnace":1,"minecraft:dark_oak_sign":2,"minecraft:bone_meal":96,"minecraft:iron_axe":2,"minecraft:stone_pickaxe":1,"minecraft:spruce_boat":2,"minecraft:dark_oak_planks":174,"minecraft:cooked_beef":8,"minecraft:dried_kelp":197,"minecraft:iron_sword":1,"minecraft:cooked_salmon":2,"tombstone:ankh_of_pray":1,"minecraft:stone_axe":2,"minecraft:air":0,"minecraft:white_wool":1,"minecraft:gold_nugget":81,"minecraft:wooden_axe":1,"minecraft:iron_leggings":2,"minecraft:white_bed":1,"minecraft:torch":96},"minecraft:killed_by":{"minecraft:zombie":2,"minecraft:player":1,"minecraft:enderman":5,"minecraft:warden":36,"minecraft:skeleton":9},"minecraft:custom":{"minecraft:interact_with_crafting_table":136,"minecraft:leave_game":7,"minecraft:time_since_death":10131,"minecraft:damage_resisted":162,"minecraft:sprint_one_cm":715969,"minecraft:damage_blocked_by_shield":10850,"minecraft:drop":237,"minecraft:play_time":387569,"minecraft:deaths":56,"minecraft:jump":6860,"minecraft:walk_on_water_one_cm":83187,"minecraft:interact_with_furnace":85,"minecraft:sleep_in_bed":1,"minecraft:damage_dealt":46081,"minecraft:crouch_one_cm":86582,"tombstone:undead_killed":128,"minecraft:interact_with_smoker":88,"minecraft:mob_kills":182,"tombstone:use_vanishing":1,"minecraft:climb_one_cm":9243,"minecraft:walk_one_cm":856013,"minecraft:sneak_time":31787,"minecraft:walk_under_water_one_cm":51431,"minecraft:boat_one_cm":491504,"minecraft:interact_with_blast_furnace":71,"minecraft:total_world_time":387569,"tombstone:pray_on_grave":1,"minecraft:time_since_rest":9968,"minecraft:damage_taken":22644,"minecraft:damage_absorbed":160,"minecraft:swim_one_cm":242104,"minecraft:fly_one_cm":761303,"minecraft:open_chest":246,"minecraft:fall_one_cm":135834},"minecraft:broken":{"minecraft:golden_boots":1,"minecraft:iron_boots":1,"minecraft:iron_chestplate":1,"minecraft:stone_axe":1,"minecraft:shield":3,"minecraft:iron_pickaxe":1,"minecraft:iron_helmet":1},"minecraft:mined":{"minecraft:dark_oak_planks":4,"minecraft:blue_carpet":1,"minecraft:spruce_planks":4,"minecraft:sculk_vein":2,"minecraft:cave_vines_plant":20,"minecraft:budding_amethyst":4,"minecraft:grass_block":1,"minecraft:deepslate_bricks":2,"minecraft:tall_seagrass":2,"minecraft:raw_iron_block":1,"minecraft:sculk_catalyst":2,"minecraft:iron_ore":24,"minecraft:cobbled_deepslate":49,"minecraft:fire":7,"minecraft:deepslate_lapis_ore":4,"minecraft:sculk_shrieker":11,"minecraft:cave_vines":42,"minecraft:azalea":4,"minecraft:deepslate_redstone_ore":3,"minecraft:brown_mushroom":9,"minecraft:kelp_plant":42,"minecraft:smoker":3,"minecraft:medium_amethyst_bud":2,"minecraft:soul_fire":1,"minecraft:amethyst_cluster":2,"minecraft:clay":10,"minecraft:torch":7,"minecraft:blast_furnace":1,"minecraft:chest":5,"minecraft:dead_bush":1,"minecraft:cobblestone":15,"minecraft:oak_planks":4,"minecraft:wall_torch":2,"minecraft:amethyst_block":36,"minecraft:deepslate_copper_ore":1,"minecraft:seagrass":7,"minecraft:grass":5,"minecraft:oak_log":16,"minecraft:dirt":8,"minecraft:deepslate":373,"minecraft:tuff":28,"minecraft:dark_oak_leaves":8,"minecraft:deepslate_diamond_ore":7,"minecraft:dark_oak_log":181,"minecraft:dark_oak_fence":1,"minecraft:brown_mushroom_block":1,"minecraft:spruce_leaves":10,"minecraft:kelp":14,"minecraft:moss_block":4,"minecraft:large_fern":1,"minecraft:furnace":7,"minecraft:carrots":26,"minecraft:andesite":18,"minecraft:stripped_spruce_log":1,"minecraft:potatoes":17,"minecraft:deepslate_iron_ore":24,"minecraft:stone":84,"minecraft:white_wool":1,"minecraft:podzol":1,"minecraft:flowering_azalea":2,"minecraft:dandelion":1,"minecraft:oak_fence":2,"minecraft:crafting_table":9,"minecraft:sculk_sensor":19,"minecraft:tall_grass":18,"minecraft:deepslate_gold_ore":10,"minecraft:cracked_deepslate_bricks":1,"minecraft:sculk":3,"minecraft:diorite":6,"minecraft:big_dripleaf":1,"minecraft:gray_wool":12,"minecraft:spruce_log":48,"minecraft:coal_ore":27,"minecraft:gravel":13,"minecraft:cobweb":15,"minecraft:small_dripleaf":5,"minecraft:iron_trapdoor":1,"minecraft:fern":1},"minecraft:dropped":{"minecraft:clay":1,"minecraft:iron_sword":1,"minecraft:moss_block":16,"minecraft:baked_potato":9,"minecraft:diamond":7,"minecraft:leather":1,"minecraft:flint":5,"minecraft:dirt":12,"tombstone:bag_of_seeds":1,"minecraft:dark_oak_log":64,"minecraft:wooden_sword":2,"minecraft:gold_nugget":17,"minecraft:amethyst_shard":8,"minecraft:glistering_melon_slice":2,"minecraft:iron_pickaxe":3,"minecraft:bone":5,"minecraft:gravel":1,"minecraft:cobbled_deepslate":301,"minecraft:obsidian":2,"minecraft:rotten_flesh":15,"minecraft:oak_planks":2,"minecraft:cooked_mutton":14,"minecraft:carrot":41,"minecraft:gunpowder":1,"minecraft:azalea":3,"minecraft:arrow":8,"minecraft:beef":2,"minecraft:stone_hoe":3,"minecraft:enchanted_book":1,"minecraft:iron_ingot":26,"minecraft:wheat_seeds":4,"minecraft:mossy_cobblestone":2,"minecraft:feather":1,"minecraft:cobblestone":30,"minecraft:amethyst_block":5,"minecraft:tropical_fish":1,"tombstone:ankh_of_pray":2,"minecraft:stick":13,"minecraft:gray_wool":7,"minecraft:diorite":1,"minecraft:golden_carrot":5,"tombstone:magic_scroll":1,"minecraft:torch":33,"minecraft:dried_kelp":16,"minecraft:flowering_azalea":4,"minecraft:string":1,"minecraft:redstone":21,"minecraft:furnace":3,"minecraft:moss_carpet":7,"minecraft:stone_sword":1,"minecraft:big_dripleaf":17,"minecraft:potato":1,"minecraft:spruce_boat":1,"minecraft:andesite":6,"minecraft:golden_leggings":1,"minecraft:spider_eye":2,"minecraft:bow":3,"minecraft:wooden_pickaxe":4,"minecraft:raw_gold":10},"minecraft:picked_up":{"minecraft:iron_chestplate":1,"minecraft:iron_trapdoor":1,"minecraft:enchanted_book":3,"minecraft:amethyst_block":46,"minecraft:string":29,"minecraft:raw_copper":3,"minecraft:gold_nugget":38,"minecraft:cobbled_deepslate":603,"minecraft:bucket":1,"minecraft:spruce_planks":34,"minecraft:azalea":8,"minecraft:iron_pickaxe":7,"minecraft:furnace":12,"minecraft:stick":60,"minecraft:big_dripleaf":15,"minecraft:torch":32,"minecraft:dried_kelp":16,"tombstone:grave_dust":27,"minecraft:diorite":4,"minecraft:rotten_flesh":87,"minecraft:tropical_fish":6,"minecraft:cobblestone":103,"minecraft:feather":6,"minecraft:cooked_beef":5,"minecraft:water_bucket":2,"minecraft:andesite":17,"minecraft:brown_wool":1,"minecraft:golden_leggings":2,"minecraft:smoker":4,"minecraft:potato":59,"minecraft:flint":3,"minecraft:tuff":36,"minecraft:lapis_lazuli":38,"minecraft:dirt":21,"minecraft:bone":37,"minecraft:bow":7,"minecraft:wheat_seeds":9,"minecraft:raw_gold":20,"minecraft:moss_block":27,"minecraft:stone_hoe":3,"minecraft:oak_planks":6,"minecraft:stripped_spruce_log":1,"minecraft:dark_oak_log":310,"minecraft:mossy_cobblestone":4,"minecraft:bundle":2,"minecraft:clay":2,"minecraft:diamond":11,"minecraft:dark_oak_fence":1,"minecraft:diamond_pickaxe":1,"minecraft:charcoal":1,"minecraft:crafting_table":9,"minecraft:chicken":3,"minecraft:clay_ball":233,"minecraft:brown_mushroom":9,"minecraft:wooden_pickaxe":2,"minecraft:shield":1,"minecraft:moss_carpet":9,"minecraft:iron_axe":2,"minecraft:wooden_sword":1,"minecraft:beef":11,"minecraft:iron_nugget":16,"minecraft:chest":5,"minecraft:dark_oak_sapling":2,"tombstone:ankh_of_pray":2,"minecraft:raw_iron":75,"minecraft:stone":27,"minecraft:carrot":118,"minecraft:redstone":33,"minecraft:blue_carpet":1,"minecraft:dark_oak_planks":3,"minecraft:arrow":25,"minecraft:deepslate_bricks":2,"minecraft:cracked_deepslate_bricks":1,"minecraft:glistering_melon_slice":2,"minecraft:mutton":15,"minecraft:glow_berries":34,"minecraft:white_wool":9,"minecraft:golden_carrot":3,"minecraft:salmon":2,"minecraft:leather":1,"minecraft:filled_map":1,"minecraft:oak_log":16,"minecraft:golden_boots":3,"minecraft:gunpowder":7,"tombstone:gift":1,"minecraft:cooked_mutton":19,"minecraft:kelp":216,"minecraft:iron_ingot":33,"minecraft:cooked_chicken":1,"tombstone:bag_of_seeds":1,"minecraft:iron_sword":1,"minecraft:flowering_azalea":6,"minecraft:dandelion":1,"minecraft:raw_iron_block":1,"minecraft:gravel":14,"minecraft:amethyst_shard":8,"minecraft:spruce_sapling":7,"minecraft:blast_furnace":1,"minecraft:spruce_log":49,"minecraft:spider_eye":5,"minecraft:dried_kelp_block":29,"minecraft:stone_axe":1,"minecraft:gray_wool":11,"minecraft:baked_potato":34,"tombstone:magic_scroll":4,"minecraft:black_wool":1,"minecraft:coal":87,"minecraft:ender_pearl":5}},"DataVersion":3465}