{"stats":{"minecraft:killed":{"minecraft:spider":5,"minecraft:skeleton":8,"minecraft:chicken":2,"minecraft:zombie_villager":1,"minecraft:salmon":2,"minecraft:creeper":3,"minecraft:sheep":6,"minecraft:zombie":18},"minecraft:used":{"minecraft:stone_sword":63,"minecraft:spruce_planks":8,"minecraft:chest":3,"minecraft:shield":73,"minecraft:stone_hoe":1,"minecraft:cooked_salmon":2,"minecraft:cooked_chicken":2,"minecraft:rotten_flesh":25,"minecraft:torch":42,"minecraft:dirt":8,"minecraft:tuff":33,"minecraft:stripped_spruce_log":1,"minecraft:spruce_boat":1,"minecraft:wooden_axe":13,"minecraft:iron_axe":31,"minecraft:furnace":5,"tombstone:gift":4,"minecraft:potato":17,"minecraft:cobbled_deepslate":123,"minecraft:cooked_mutton":9,"minecraft:water_bucket":5,"minecraft:stone_pickaxe":100,"minecraft:baked_potato":1,"minecraft:wooden_pickaxe":3,"minecraft:white_wool":1,"minecraft:crafting_table":6,"minecraft:blast_furnace":2,"minecraft:white_bed":1,"minecraft:smoker":2,"minecraft:iron_pickaxe":555,"minecraft:stone_axe":103,"minecraft:cobblestone":10,"minecraft:bucket":6,"minecraft:andesite":1,"minecraft:bone_meal":39},"minecraft:crafted":{"minecraft:wooden_sword":1,"minecraft:smooth_stone":3,"minecraft:stone_shovel":1,"minecraft:cooked_chicken":2,"minecraft:furnace":2,"minecraft:blast_furnace":1,"minecraft:bone_meal":39,"minecraft:cooked_mutton":8,"minecraft:iron_boots":1,"minecraft:iron_axe":1,"minecraft:stone_pickaxe":1,"minecraft:chest":2,"minecraft:spruce_boat":1,"minecraft:stone_hoe":1,"minecraft:smoker":1,"minecraft:crafting_table":1,"minecraft:spruce_planks":96,"minecraft:baked_potato":41,"minecraft:wooden_pickaxe":1,"minecraft:iron_helmet":1,"minecraft:cooked_salmon":2,"minecraft:stone_axe":2,"minecraft:air":0,"minecraft:white_wool":1,"minecraft:iron_chestplate":1,"minecraft:shield":1,"minecraft:stick":24,"minecraft:iron_ingot":34,"minecraft:iron_pickaxe":1,"minecraft:wooden_axe":1,"minecraft:stone_sword":1,"minecraft:iron_leggings":1,"minecraft:white_bed":1,"minecraft:torch":44},"minecraft:killed_by":{"minecraft:enderman":2,"minecraft:skeleton":1},"minecraft:broken":{"minecraft:shield":1,"minecraft:stone_axe":1,"minecraft:iron_pickaxe":1},"minecraft:custom":{"minecraft:mob_kills":48,"minecraft:interact_with_crafting_table":45,"minecraft:leave_game":3,"minecraft:time_since_death":61966,"minecraft:climb_one_cm":1985,"minecraft:sprint_one_cm":242252,"minecraft:walk_one_cm":269567,"minecraft:damage_blocked_by_shield":5505,"minecraft:drop":14,"minecraft:play_time":122043,"minecraft:deaths":3,"minecraft:sneak_time":13117,"minecraft:walk_under_water_one_cm":4789,"minecraft:boat_one_cm":35100,"minecraft:jump":2373,"minecraft:interact_with_blast_furnace":13,"minecraft:walk_on_water_one_cm":18965,"minecraft:total_world_time":122043,"minecraft:interact_with_furnace":42,"minecraft:sleep_in_bed":1,"minecraft:time_since_rest":49147,"minecraft:damage_taken":2040,"minecraft:damage_dealt":8759,"minecraft:swim_one_cm":12417,"minecraft:fly_one_cm":257710,"minecraft:open_chest":33,"minecraft:crouch_one_cm":32665,"tombstone:undead_killed":27,"minecraft:interact_with_smoker":18,"minecraft:fall_one_cm":43963},"minecraft:mined":{"minecraft:tuff":26,"minecraft:deepslate_diamond_ore":6,"minecraft:budding_amethyst":4,"minecraft:grass_block":1,"minecraft:spruce_leaves":10,"minecraft:kelp":8,"minecraft:large_fern":1,"minecraft:tall_seagrass":1,"minecraft:furnace":5,"minecraft:iron_ore":6,"minecraft:cobbled_deepslate":30,"minecraft:andesite":1,"minecraft:stripped_spruce_log":1,"minecraft:deepslate_lapis_ore":4,"minecraft:potatoes":17,"minecraft:deepslate_iron_ore":16,"minecraft:stone":74,"minecraft:white_wool":1,"minecraft:podzol":1,"minecraft:deepslate_redstone_ore":3,"minecraft:brown_mushroom":9,"minecraft:kelp_plant":29,"minecraft:smoker":1,"minecraft:medium_amethyst_bud":2,"minecraft:amethyst_cluster":2,"minecraft:dandelion":1,"minecraft:crafting_table":6,"minecraft:torch":7,"minecraft:blast_furnace":1,"minecraft:chest":1,"minecraft:cobblestone":3,"minecraft:deepslate_gold_ore":5,"minecraft:diorite":6,"minecraft:wall_torch":1,"minecraft:amethyst_block":34,"minecraft:deepslate_copper_ore":1,"minecraft:seagrass":3,"minecraft:spruce_log":48,"minecraft:coal_ore":27,"minecraft:gravel":9,"minecraft:dirt":7,"minecraft:small_dripleaf":1,"minecraft:deepslate":340,"minecraft:fern":1},"minecraft:dropped":{"minecraft:mossy_cobblestone":2,"minecraft:diamond":7,"minecraft:dirt":12,"minecraft:diorite":1,"minecraft:glistering_melon_slice":2,"minecraft:gravel":1,"minecraft:arrow":2},"minecraft:picked_up":{"minecraft:crafting_table":6,"minecraft:chicken":2,"minecraft:clay_ball":16,"minecraft:brown_mushroom":9,"minecraft:shield":1,"minecraft:amethyst_block":34,"minecraft:string":3,"minecraft:moss_carpet":2,"minecraft:raw_copper":3,"minecraft:cobbled_deepslate":446,"minecraft:bucket":1,"minecraft:spruce_planks":16,"minecraft:iron_pickaxe":2,"minecraft:chest":1,"minecraft:furnace":5,"minecraft:raw_iron":28,"minecraft:stick":6,"minecraft:stone":3,"minecraft:torch":8,"tombstone:grave_dust":9,"minecraft:diorite":2,"minecraft:redstone":12,"minecraft:arrow":4,"minecraft:rotten_flesh":26,"minecraft:glistering_melon_slice":2,"minecraft:mutton":9,"minecraft:white_wool":5,"minecraft:cobblestone":86,"minecraft:feather":3,"minecraft:salmon":2,"minecraft:andesite":1,"minecraft:brown_wool":1,"minecraft:smoker":1,"minecraft:potato":59,"minecraft:flint":3,"minecraft:tuff":35,"minecraft:gunpowder":4,"minecraft:lapis_lazuli":19,"minecraft:dirt":20,"minecraft:cooked_mutton":1,"minecraft:bone":7,"minecraft:kelp":19,"minecraft:bow":1,"minecraft:wheat_seeds":1,"minecraft:raw_gold":5,"minecraft:iron_ingot":1,"minecraft:dandelion":1,"minecraft:gravel":10,"minecraft:amethyst_shard":8,"minecraft:stripped_spruce_log":1,"minecraft:spruce_sapling":7,"minecraft:blast_furnace":1,"minecraft:spruce_log":49,"minecraft:spider_eye":2,"minecraft:mossy_cobblestone":4,"minecraft:diamond":7,"tombstone:magic_scroll":1,"minecraft:black_wool":1,"minecraft:coal":87}},"DataVersion":3465}