{"stats":{"minecraft:killed":{"minecraft:spider":5,"minecraft:skeleton":8,"minecraft:chicken":3,"minecraft:zombie_villager":1,"minecraft:salmon":2,"minecraft:creeper":3,"minecraft:sheep":10,"minecraft:zombie":22},"minecraft:used":{"minecraft:stone_sword":63,"minecraft:spruce_planks":8,"minecraft:chest":6,"minecraft:shield":78,"minecraft:stone_hoe":1,"minecraft:cooked_salmon":2,"minecraft:cooked_chicken":2,"minecraft:rotten_flesh":25,"minecraft:torch":42,"minecraft:dirt":8,"minecraft:tuff":33,"minecraft:stripped_spruce_log":1,"minecraft:spruce_boat":1,"minecraft:wooden_axe":13,"tombstone:ankh_of_pray":2,"minecraft:iron_axe":225,"minecraft:furnace":5,"tombstone:gift":4,"minecraft:potato":17,"minecraft:cobbled_deepslate":125,"minecraft:golden_axe":1,"minecraft:cooked_mutton":9,"minecraft:water_bucket":6,"minecraft:stone_pickaxe":100,"minecraft:baked_potato":8,"minecraft:wooden_pickaxe":3,"minecraft:white_wool":1,"minecraft:crafting_table":6,"minecraft:blast_furnace":2,"minecraft:white_bed":1,"minecraft:smoker":3,"minecraft:iron_pickaxe":594,"minecraft:stone_axe":103,"minecraft:cobblestone":16,"minecraft:bucket":7,"minecraft:andesite":1,"minecraft:bone_meal":39},"minecraft:crafted":{"minecraft:wooden_sword":1,"minecraft:smooth_stone":3,"minecraft:stone_shovel":1,"minecraft:cooked_chicken":3,"minecraft:furnace":3,"minecraft:blast_furnace":1,"minecraft:bone_meal":39,"minecraft:cooked_mutton":14,"minecraft:iron_boots":1,"minecraft:iron_axe":1,"minecraft:stone_pickaxe":1,"minecraft:chest":4,"minecraft:spruce_boat":1,"minecraft:dried_kelp_block":17,"minecraft:dark_oak_planks":12,"minecraft:stone_hoe":1,"minecraft:smoker":2,"minecraft:crafting_table":1,"minecraft:spruce_planks":96,"minecraft:dried_kelp":154,"minecraft:baked_potato":41,"minecraft:wooden_pickaxe":1,"minecraft:iron_helmet":1,"minecraft:cooked_salmon":2,"tombstone:ankh_of_pray":1,"minecraft:stone_axe":2,"minecraft:air":0,"minecraft:white_wool":1,"minecraft:iron_chestplate":1,"minecraft:charcoal":14,"minecraft:shield":1,"minecraft:stick":36,"minecraft:iron_ingot":34,"minecraft:iron_pickaxe":1,"minecraft:wooden_axe":1,"minecraft:stone_sword":1,"minecraft:gold_ingot":1,"minecraft:iron_leggings":1,"minecraft:white_bed":1,"minecraft:torch":44},"minecraft:killed_by":{"minecraft:enderman":2,"minecraft:skeleton":1},"minecraft:broken":{"minecraft:shield":1,"minecraft:stone_axe":1,"minecraft:iron_pickaxe":1},"minecraft:custom":{"minecraft:mob_kills":57,"minecraft:interact_with_crafting_table":64,"minecraft:leave_game":3,"minecraft:time_since_death":91966,"minecraft:climb_one_cm":2215,"minecraft:sprint_one_cm":275623,"minecraft:walk_one_cm":307796,"minecraft:damage_blocked_by_shield":6090,"minecraft:drop":17,"minecraft:play_time":152043,"minecraft:deaths":3,"minecraft:sneak_time":16058,"minecraft:walk_under_water_one_cm":10042,"minecraft:boat_one_cm":158805,"minecraft:jump":2702,"minecraft:interact_with_blast_furnace":17,"minecraft:walk_on_water_one_cm":23009,"minecraft:total_world_time":152043,"minecraft:interact_with_furnace":53,"minecraft:sleep_in_bed":1,"minecraft:time_since_rest":79147,"minecraft:damage_taken":2262,"minecraft:damage_dealt":10189,"minecraft:swim_one_cm":38940,"minecraft:fly_one_cm":295177,"minecraft:open_chest":53,"minecraft:crouch_one_cm":41457,"tombstone:undead_killed":31,"minecraft:interact_with_smoker":56,"minecraft:fall_one_cm":53560},"minecraft:mined":{"minecraft:tuff":26,"minecraft:dark_oak_leaves":8,"minecraft:deepslate_diamond_ore":6,"minecraft:dark_oak_log":163,"minecraft:budding_amethyst":4,"minecraft:grass_block":1,"minecraft:brown_mushroom_block":1,"minecraft:spruce_leaves":10,"minecraft:kelp":14,"minecraft:large_fern":1,"minecraft:tall_seagrass":2,"minecraft:furnace":5,"minecraft:iron_ore":6,"minecraft:fire":6,"minecraft:cobbled_deepslate":32,"minecraft:andesite":1,"minecraft:stripped_spruce_log":1,"minecraft:deepslate_lapis_ore":4,"minecraft:potatoes":17,"minecraft:deepslate_iron_ore":16,"minecraft:stone":74,"minecraft:white_wool":1,"minecraft:podzol":1,"minecraft:deepslate_redstone_ore":3,"minecraft:brown_mushroom":9,"minecraft:kelp_plant":42,"minecraft:smoker":1,"minecraft:medium_amethyst_bud":2,"minecraft:amethyst_cluster":2,"minecraft:dandelion":1,"minecraft:crafting_table":6,"minecraft:torch":7,"minecraft:blast_furnace":1,"minecraft:chest":2,"minecraft:cobblestone":3,"minecraft:deepslate_gold_ore":5,"minecraft:diorite":6,"minecraft:wall_torch":1,"minecraft:amethyst_block":34,"minecraft:deepslate_copper_ore":1,"minecraft:seagrass":7,"minecraft:spruce_log":48,"minecraft:coal_ore":27,"minecraft:gravel":9,"minecraft:dirt":7,"minecraft:small_dripleaf":1,"minecraft:deepslate":353,"minecraft:fern":1},"minecraft:dropped":{"minecraft:mossy_cobblestone":2,"minecraft:diamond":7,"minecraft:stick":5,"minecraft:dirt":12,"minecraft:diorite":1,"minecraft:glistering_melon_slice":2,"minecraft:gravel":1,"minecraft:cobbled_deepslate":4,"minecraft:spider_eye":1,"minecraft:arrow":2},"minecraft:picked_up":{"minecraft:crafting_table":6,"minecraft:chicken":3,"minecraft:clay_ball":16,"minecraft:brown_mushroom":9,"minecraft:shield":1,"minecraft:amethyst_block":34,"minecraft:string":3,"minecraft:moss_carpet":2,"minecraft:raw_copper":3,"minecraft:cobbled_deepslate":463,"minecraft:bucket":1,"minecraft:spruce_planks":16,"minecraft:iron_pickaxe":2,"minecraft:chest":2,"minecraft:furnace":5,"minecraft:dark_oak_sapling":2,"minecraft:raw_iron":28,"minecraft:stick":6,"minecraft:stone":3,"minecraft:torch":8,"tombstone:grave_dust":9,"minecraft:diorite":2,"minecraft:redstone":12,"minecraft:arrow":4,"minecraft:rotten_flesh":32,"minecraft:glistering_melon_slice":2,"minecraft:mutton":15,"minecraft:white_wool":9,"minecraft:cobblestone":86,"minecraft:feather":5,"minecraft:salmon":2,"minecraft:andesite":1,"minecraft:brown_wool":1,"minecraft:smoker":1,"minecraft:potato":59,"minecraft:flint":3,"minecraft:tuff":35,"minecraft:gunpowder":4,"minecraft:lapis_lazuli":19,"minecraft:dirt":20,"minecraft:cooked_mutton":1,"minecraft:bone":7,"minecraft:kelp":216,"minecraft:bow":1,"minecraft:wheat_seeds":1,"minecraft:raw_gold":5,"minecraft:iron_ingot":1,"minecraft:dandelion":1,"minecraft:gravel":10,"minecraft:amethyst_shard":8,"minecraft:stripped_spruce_log":1,"minecraft:spruce_sapling":7,"minecraft:blast_furnace":1,"minecraft:spruce_log":49,"minecraft:dark_oak_log":163,"minecraft:spider_eye":3,"minecraft:mossy_cobblestone":4,"minecraft:diamond":7,"tombstone:magic_scroll":1,"minecraft:black_wool":1,"minecraft:coal":87}},"DataVersion":3465}