{"stats":{"minecraft:killed":{"minecraft:spider":7,"minecraft:skeleton":15,"minecraft:chicken":4,"minecraft:zombie_villager":2,"minecraft:salmon":2,"minecraft:bat":1,"minecraft:creeper":6,"minecraft:sheep":10,"minecraft:zombie":46,"minecraft:enderman":2,"minecraft:cow":3},"minecraft:used":{"minecraft:moss_block":3,"minecraft:stone_sword":91,"minecraft:chest":16,"minecraft:spruce_planks":17,"minecraft:shield":95,"minecraft:cooked_salmon":2,"minecraft:cooked_chicken":2,"minecraft:rotten_flesh":30,"minecraft:stone_hoe":1,"minecraft:iron_chestplate":1,"minecraft:torch":55,"minecraft:dirt":8,"minecraft:tuff":33,"minecraft:stripped_spruce_log":1,"minecraft:wooden_axe":13,"minecraft:spruce_boat":1,"tombstone:ankh_of_pray":17,"minecraft:iron_axe":280,"minecraft:iron_helmet":1,"minecraft:iron_boots":1,"minecraft:dark_oak_boat":2,"minecraft:furnace":8,"tombstone:gift":7,"minecraft:cooked_beef":2,"minecraft:potato":17,"minecraft:cobbled_deepslate":216,"minecraft:iron_leggings":1,"minecraft:golden_axe":1,"minecraft:cooked_mutton":10,"minecraft:water_bucket":12,"minecraft:amethyst_block":37,"minecraft:dark_oak_sign":3,"minecraft:oak_planks":46,"minecraft:baked_potato":24,"minecraft:stone_pickaxe":100,"minecraft:wooden_pickaxe":22,"minecraft:diamond_axe":67,"minecraft:white_wool":1,"minecraft:glow_berries":47,"minecraft:crafting_table":10,"minecraft:blast_furnace":2,"minecraft:white_bed":1,"minecraft:dark_oak_door":2,"minecraft:smoker":6,"minecraft:diamond_pickaxe":22,"minecraft:dark_oak_log":24,"minecraft:iron_pickaxe":666,"tombstone:magic_scroll":1,"tombstone:grave_key":4,"minecraft:stone_axe":113,"minecraft:wooden_sword":28,"minecraft:cobblestone":68,"minecraft:andesite":11,"minecraft:bucket":13,"minecraft:bone_meal":39},"minecraft:crafted":{"minecraft:wooden_sword":1,"minecraft:oak_planks":64,"minecraft:smooth_stone":3,"minecraft:stone_shovel":1,"minecraft:dark_oak_boat":2,"minecraft:cooked_chicken":3,"minecraft:furnace":5,"minecraft:blast_furnace":1,"minecraft:stone":12,"minecraft:dark_oak_sign":2,"minecraft:bone_meal":39,"minecraft:cooked_mutton":14,"minecraft:dark_oak_door":3,"minecraft:iron_boots":2,"minecraft:iron_axe":2,"tombstone:grave_key":2,"minecraft:stone_pickaxe":1,"minecraft:chest":11,"minecraft:spruce_boat":2,"minecraft:dried_kelp_block":21,"minecraft:dark_oak_planks":98,"minecraft:stone_hoe":2,"minecraft:smoker":3,"minecraft:cooked_beef":7,"minecraft:diamond_axe":1,"minecraft:crafting_table":3,"minecraft:spruce_planks":116,"minecraft:iron_helmet":2,"minecraft:dried_kelp":197,"minecraft:wooden_pickaxe":2,"minecraft:baked_potato":41,"minecraft:iron_sword":1,"minecraft:cooked_salmon":2,"tombstone:ankh_of_pray":1,"minecraft:stone_axe":2,"minecraft:air":0,"minecraft:white_wool":1,"minecraft:iron_chestplate":2,"minecraft:diamond_pickaxe":1,"minecraft:charcoal":22,"minecraft:shield":2,"minecraft:stick":72,"minecraft:iron_ingot":87,"minecraft:iron_pickaxe":1,"minecraft:wooden_axe":1,"minecraft:stone_sword":1,"minecraft:iron_leggings":2,"minecraft:gold_ingot":1,"minecraft:white_bed":1,"minecraft:torch":72},"minecraft:killed_by":{"minecraft:enderman":2,"minecraft:skeleton":6,"minecraft:zombie":1},"minecraft:broken":{"minecraft:shield":2,"minecraft:stone_axe":1,"minecraft:iron_pickaxe":1},"minecraft:custom":{"minecraft:mob_kills":102,"minecraft:interact_with_crafting_table":113,"minecraft:leave_game":6,"minecraft:time_since_death":27886,"minecraft:climb_one_cm":7651,"minecraft:sprint_one_cm":471912,"minecraft:walk_one_cm":578303,"minecraft:damage_blocked_by_shield":7200,"minecraft:drop":165,"minecraft:play_time":286312,"minecraft:deaths":11,"minecraft:sneak_time":24996,"minecraft:walk_under_water_one_cm":27864,"minecraft:boat_one_cm":491504,"minecraft:jump":5016,"minecraft:interact_with_blast_furnace":49,"minecraft:walk_on_water_one_cm":53213,"minecraft:total_world_time":286312,"minecraft:interact_with_furnace":74,"minecraft:sleep_in_bed":1,"minecraft:time_since_rest":27424,"minecraft:damage_taken":5699,"minecraft:damage_dealt":17886,"minecraft:swim_one_cm":220553,"minecraft:fly_one_cm":471765,"minecraft:open_chest":140,"minecraft:crouch_one_cm":65156,"tombstone:undead_killed":63,"minecraft:interact_with_smoker":82,"minecraft:fall_one_cm":94124},"minecraft:mined":{"minecraft:tuff":27,"minecraft:spruce_planks":4,"minecraft:dark_oak_leaves":8,"minecraft:deepslate_diamond_ore":6,"minecraft:dark_oak_log":181,"minecraft:cave_vines_plant":19,"minecraft:budding_amethyst":4,"minecraft:grass_block":1,"minecraft:brown_mushroom_block":1,"minecraft:spruce_leaves":10,"minecraft:moss_block":3,"minecraft:kelp":14,"minecraft:large_fern":1,"minecraft:tall_seagrass":2,"minecraft:furnace":7,"minecraft:iron_ore":24,"minecraft:cobbled_deepslate":46,"minecraft:fire":7,"minecraft:andesite":18,"minecraft:stripped_spruce_log":1,"minecraft:deepslate_lapis_ore":4,"minecraft:potatoes":17,"minecraft:cave_vines":42,"minecraft:deepslate_iron_ore":19,"minecraft:azalea":1,"minecraft:stone":84,"minecraft:white_wool":1,"minecraft:podzol":1,"minecraft:deepslate_redstone_ore":3,"minecraft:flowering_azalea":2,"minecraft:brown_mushroom":9,"minecraft:kelp_plant":42,"minecraft:medium_amethyst_bud":2,"minecraft:smoker":3,"minecraft:amethyst_cluster":2,"minecraft:dandelion":1,"minecraft:clay":8,"minecraft:oak_fence":2,"minecraft:crafting_table":9,"minecraft:torch":7,"minecraft:blast_furnace":1,"minecraft:chest":5,"minecraft:dead_bush":1,"minecraft:tall_grass":8,"minecraft:cobblestone":15,"minecraft:deepslate_gold_ore":10,"minecraft:oak_planks":1,"minecraft:diorite":6,"minecraft:wall_torch":2,"minecraft:amethyst_block":36,"minecraft:deepslate_copper_ore":1,"minecraft:seagrass":7,"minecraft:gray_wool":7,"minecraft:spruce_log":48,"minecraft:grass":2,"minecraft:oak_log":16,"minecraft:coal_ore":27,"minecraft:gravel":9,"minecraft:dirt":7,"minecraft:cobweb":15,"minecraft:small_dripleaf":1,"minecraft:deepslate":369,"minecraft:fern":1},"minecraft:dropped":{"minecraft:enchanted_book":1,"minecraft:stone_hoe":3,"minecraft:iron_ingot":26,"minecraft:clay":1,"minecraft:moss_block":7,"minecraft:wheat_seeds":4,"minecraft:mossy_cobblestone":2,"minecraft:diamond":7,"minecraft:feather":1,"minecraft:cobblestone":30,"minecraft:amethyst_block":5,"minecraft:leather":1,"minecraft:tropical_fish":1,"minecraft:stick":13,"minecraft:flint":5,"minecraft:dirt":12,"minecraft:gray_wool":7,"minecraft:dark_oak_log":64,"minecraft:diorite":1,"minecraft:torch":11,"tombstone:magic_scroll":1,"minecraft:dried_kelp":16,"minecraft:gold_nugget":17,"minecraft:wooden_sword":2,"minecraft:amethyst_shard":8,"minecraft:iron_pickaxe":3,"minecraft:glistering_melon_slice":2,"minecraft:string":1,"minecraft:redstone":21,"minecraft:bone":5,"minecraft:gravel":1,"minecraft:furnace":3,"minecraft:moss_carpet":4,"minecraft:stone_sword":1,"minecraft:cobbled_deepslate":301,"minecraft:obsidian":2,"minecraft:rotten_flesh":15,"minecraft:oak_planks":2,"minecraft:cooked_mutton":12,"minecraft:big_dripleaf":7,"minecraft:potato":1,"minecraft:spruce_boat":1,"minecraft:andesite":6,"minecraft:golden_leggings":1,"minecraft:azalea":3,"minecraft:spider_eye":2,"minecraft:arrow":8,"minecraft:bow":3,"minecraft:beef":2,"minecraft:wooden_pickaxe":4,"minecraft:raw_gold":10},"minecraft:picked_up":{"minecraft:charcoal":1,"minecraft:iron_chestplate":1,"minecraft:crafting_table":9,"minecraft:chicken":3,"minecraft:clay_ball":195,"minecraft:brown_mushroom":9,"minecraft:wooden_pickaxe":2,"minecraft:enchanted_book":3,"minecraft:shield":1,"minecraft:amethyst_block":46,"minecraft:iron_axe":2,"minecraft:string":21,"minecraft:moss_carpet":6,"minecraft:raw_copper":3,"minecraft:wooden_sword":1,"minecraft:gold_nugget":34,"minecraft:cobbled_deepslate":588,"minecraft:bucket":1,"minecraft:spruce_planks":34,"minecraft:beef":11,"minecraft:iron_nugget":16,"minecraft:azalea":3,"minecraft:iron_pickaxe":7,"minecraft:chest":5,"minecraft:furnace":12,"tombstone:ankh_of_pray":1,"minecraft:dark_oak_sapling":2,"minecraft:stick":60,"minecraft:raw_iron":70,"minecraft:stone":27,"minecraft:big_dripleaf":7,"minecraft:torch":10,"minecraft:dried_kelp":16,"tombstone:grave_dust":20,"minecraft:diorite":4,"minecraft:redstone":33,"minecraft:arrow":10,"minecraft:rotten_flesh":45,"minecraft:tropical_fish":1,"minecraft:glistering_melon_slice":2,"minecraft:glow_berries":33,"minecraft:mutton":15,"minecraft:white_wool":9,"minecraft:cobblestone":103,"minecraft:feather":6,"minecraft:cooked_beef":5,"minecraft:water_bucket":2,"minecraft:andesite":17,"minecraft:salmon":2,"minecraft:brown_wool":1,"minecraft:leather":1,"minecraft:golden_leggings":2,"minecraft:filled_map":1,"minecraft:smoker":4,"minecraft:potato":59,"minecraft:flint":3,"minecraft:oak_log":16,"minecraft:tuff":35,"minecraft:gunpowder":4,"minecraft:lapis_lazuli":38,"minecraft:dirt":20,"tombstone:gift":1,"minecraft:cooked_mutton":19,"minecraft:bone":12,"minecraft:kelp":216,"minecraft:bow":4,"minecraft:wheat_seeds":5,"minecraft:raw_gold":20,"minecraft:cooked_chicken":1,"minecraft:iron_ingot":1,"minecraft:stone_hoe":3,"minecraft:moss_block":10,"minecraft:flowering_azalea":4,"minecraft:oak_planks":3,"minecraft:dandelion":1,"minecraft:gravel":10,"minecraft:amethyst_shard":8,"minecraft:stripped_spruce_log":1,"minecraft:spruce_sapling":7,"minecraft:blast_furnace":1,"minecraft:spruce_log":49,"minecraft:dark_oak_log":310,"minecraft:spider_eye":3,"minecraft:mossy_cobblestone":4,"minecraft:dried_kelp_block":29,"minecraft:clay":2,"minecraft:stone_axe":1,"minecraft:diamond":10,"minecraft:gray_wool":7,"minecraft:baked_potato":34,"tombstone:magic_scroll":4,"minecraft:black_wool":1,"minecraft:coal":87,"minecraft:diamond_pickaxe":1,"minecraft:ender_pearl":2}},"DataVersion":3465}