{"stats":{"minecraft:killed":{"minecraft:spider":5,"minecraft:skeleton":5,"minecraft:chicken":2,"minecraft:zombie_villager":1,"minecraft:salmon":2,"minecraft:creeper":2,"minecraft:sheep":6,"minecraft:zombie":15},"minecraft:used":{"minecraft:stone_sword":63,"minecraft:spruce_planks":8,"minecraft:chest":3,"minecraft:shield":64,"minecraft:cooked_salmon":2,"minecraft:cooked_chicken":2,"minecraft:rotten_flesh":21,"minecraft:torch":40,"minecraft:dirt":8,"minecraft:tuff":33,"minecraft:stripped_spruce_log":1,"minecraft:wooden_axe":13,"minecraft:furnace":5,"tombstone:gift":4,"minecraft:cobbled_deepslate":72,"minecraft:cooked_mutton":8,"minecraft:water_bucket":4,"minecraft:stone_pickaxe":100,"minecraft:wooden_pickaxe":3,"minecraft:white_wool":1,"minecraft:crafting_table":6,"minecraft:blast_furnace":2,"minecraft:white_bed":1,"minecraft:iron_pickaxe":444,"minecraft:stone_axe":93,"minecraft:cobblestone":10,"minecraft:bucket":5,"minecraft:andesite":1},"minecraft:crafted":{"minecraft:wooden_sword":1,"minecraft:smooth_stone":3,"minecraft:stone_shovel":1,"minecraft:cooked_chicken":2,"minecraft:furnace":2,"minecraft:blast_furnace":1,"minecraft:cooked_mutton":8,"minecraft:iron_boots":1,"minecraft:stone_pickaxe":1,"minecraft:chest":2,"minecraft:spruce_boat":1,"minecraft:crafting_table":1,"minecraft:spruce_planks":96,"minecraft:wooden_pickaxe":1,"minecraft:iron_helmet":1,"minecraft:cooked_salmon":2,"minecraft:stone_axe":2,"minecraft:air":0,"minecraft:white_wool":1,"minecraft:iron_chestplate":1,"minecraft:shield":1,"minecraft:stick":24,"minecraft:iron_ingot":31,"minecraft:wooden_axe":1,"minecraft:stone_sword":1,"minecraft:iron_leggings":1,"minecraft:white_bed":1,"minecraft:torch":44},"minecraft:killed_by":{"minecraft:enderman":2,"minecraft:skeleton":1},"minecraft:broken":{"minecraft:shield":1,"minecraft:stone_axe":1,"minecraft:iron_pickaxe":1},"minecraft:custom":{"minecraft:mob_kills":41,"minecraft:interact_with_crafting_table":37,"minecraft:leave_game":3,"minecraft:time_since_death":37966,"minecraft:climb_one_cm":1001,"minecraft:sprint_one_cm":205472,"minecraft:walk_one_cm":218721,"minecraft:damage_blocked_by_shield":4965,"minecraft:drop":13,"minecraft:play_time":98043,"minecraft:deaths":3,"minecraft:sneak_time":11575,"minecraft:walk_under_water_one_cm":4457,"minecraft:jump":1851,"minecraft:interact_with_blast_furnace":7,"minecraft:walk_on_water_one_cm":17846,"minecraft:total_world_time":98043,"minecraft:interact_with_furnace":39,"minecraft:sleep_in_bed":1,"minecraft:time_since_rest":25147,"minecraft:damage_taken":1907,"minecraft:damage_dealt":7359,"minecraft:swim_one_cm":5682,"minecraft:fly_one_cm":225422,"minecraft:open_chest":16,"minecraft:crouch_one_cm":29163,"tombstone:undead_killed":21,"minecraft:fall_one_cm":35165},"minecraft:mined":{"minecraft:tuff":26,"minecraft:deepslate_diamond_ore":6,"minecraft:budding_amethyst":4,"minecraft:grass_block":1,"minecraft:spruce_leaves":5,"minecraft:large_fern":1,"minecraft:furnace":5,"minecraft:iron_ore":4,"minecraft:cobbled_deepslate":12,"minecraft:andesite":1,"minecraft:stripped_spruce_log":1,"minecraft:deepslate_lapis_ore":4,"minecraft:deepslate_iron_ore":16,"minecraft:stone":62,"minecraft:white_wool":1,"minecraft:podzol":1,"minecraft:deepslate_redstone_ore":3,"minecraft:brown_mushroom":9,"minecraft:medium_amethyst_bud":2,"minecraft:amethyst_cluster":2,"minecraft:crafting_table":6,"minecraft:torch":7,"minecraft:blast_furnace":1,"minecraft:chest":1,"minecraft:cobblestone":2,"minecraft:deepslate_gold_ore":5,"minecraft:diorite":2,"minecraft:amethyst_block":34,"minecraft:deepslate_copper_ore":1,"minecraft:spruce_log":30,"minecraft:coal_ore":27,"minecraft:gravel":9,"minecraft:dirt":7,"minecraft:small_dripleaf":1,"minecraft:deepslate":309,"minecraft:fern":1},"minecraft:dropped":{"minecraft:diamond":7,"minecraft:dirt":12,"minecraft:diorite":1,"minecraft:glistering_melon_slice":2,"minecraft:gravel":1,"minecraft:arrow":2},"minecraft:picked_up":{"minecraft:crafting_table":6,"minecraft:chicken":2,"minecraft:clay_ball":16,"minecraft:brown_mushroom":9,"minecraft:shield":1,"minecraft:amethyst_block":34,"minecraft:string":3,"minecraft:moss_carpet":2,"minecraft:raw_copper":3,"minecraft:cobbled_deepslate":397,"minecraft:bucket":1,"minecraft:spruce_planks":16,"minecraft:iron_pickaxe":2,"minecraft:chest":1,"minecraft:furnace":5,"minecraft:raw_iron":26,"minecraft:stick":6,"minecraft:stone":3,"minecraft:torch":7,"tombstone:grave_dust":9,"minecraft:diorite":2,"minecraft:redstone":12,"minecraft:arrow":2,"minecraft:rotten_flesh":22,"minecraft:glistering_melon_slice":2,"minecraft:mutton":9,"minecraft:white_wool":5,"minecraft:cobblestone":73,"minecraft:feather":3,"minecraft:salmon":2,"minecraft:andesite":1,"minecraft:brown_wool":1,"minecraft:potato":1,"minecraft:flint":3,"minecraft:tuff":35,"minecraft:gunpowder":3,"minecraft:lapis_lazuli":19,"minecraft:dirt":20,"minecraft:cooked_mutton":1,"minecraft:bone":4,"minecraft:bow":1,"minecraft:wheat_seeds":1,"minecraft:raw_gold":5,"minecraft:iron_ingot":1,"minecraft:gravel":10,"minecraft:amethyst_shard":8,"minecraft:stripped_spruce_log":1,"minecraft:spruce_sapling":6,"minecraft:blast_furnace":1,"minecraft:spruce_log":31,"minecraft:spider_eye":2,"minecraft:mossy_cobblestone":2,"minecraft:diamond":7,"tombstone:magic_scroll":1,"minecraft:black_wool":1,"minecraft:coal":87}},"DataVersion":3465}