{"stats":{"minecraft:mined":{"minecraft:deepslate_redstone_ore":3,"minecraft:tuff":14,"minecraft:brown_mushroom":3,"minecraft:deepslate_diamond_ore":1,"minecraft:crafting_table":5,"minecraft:grass_block":1,"minecraft:chest":1,"minecraft:cobblestone":2,"minecraft:spruce_leaves":5,"minecraft:deepslate_gold_ore":5,"minecraft:diorite":1,"minecraft:deepslate_copper_ore":1,"minecraft:large_fern":1,"minecraft:furnace":4,"minecraft:iron_ore":4,"minecraft:cobbled_deepslate":3,"minecraft:spruce_log":30,"minecraft:andesite":1,"minecraft:stripped_spruce_log":1,"minecraft:deepslate_lapis_ore":1,"minecraft:coal_ore":27,"minecraft:deepslate_iron_ore":14,"minecraft:gravel":9,"minecraft:stone":24,"minecraft:small_dripleaf":1,"minecraft:deepslate":140,"minecraft:fern":1},"minecraft:killed_by":{"minecraft:skeleton":1},"minecraft:used":{"minecraft:cooked_mutton":5,"minecraft:water_bucket":2,"minecraft:stone_sword":9,"minecraft:stone_pickaxe":100,"minecraft:chest":3,"minecraft:spruce_planks":7,"minecraft:wooden_pickaxe":3,"minecraft:cooked_salmon":2,"minecraft:cooked_chicken":2,"minecraft:rotten_flesh":3,"minecraft:torch":20,"minecraft:dirt":1,"minecraft:crafting_table":4,"minecraft:blast_furnace":1,"minecraft:stripped_spruce_log":1,"minecraft:wooden_axe":13,"minecraft:iron_pickaxe":147,"minecraft:stone_axe":52,"minecraft:cobblestone":7,"minecraft:furnace":4,"minecraft:bucket":3,"minecraft:andesite":1,"tombstone:gift":1,"minecraft:cobbled_deepslate":6},"minecraft:custom":{"minecraft:interact_with_furnace":30,"minecraft:mob_kills":14,"minecraft:interact_with_crafting_table":19,"minecraft:leave_game":1,"minecraft:time_since_death":39925,"minecraft:time_since_rest":39718,"minecraft:sprint_one_cm":108189,"minecraft:damage_taken":845,"minecraft:walk_one_cm":104321,"minecraft:drop":3,"minecraft:damage_dealt":1799,"minecraft:swim_one_cm":2929,"minecraft:fly_one_cm":121291,"minecraft:open_chest":5,"minecraft:crouch_one_cm":16417,"minecraft:play_time":47399,"tombstone:undead_killed":4,"minecraft:deaths":1,"minecraft:sneak_time":6576,"minecraft:walk_under_water_one_cm":2447,"minecraft:jump":844,"minecraft:interact_with_blast_furnace":3,"minecraft:walk_on_water_one_cm":6222,"minecraft:total_world_time":47399,"minecraft:fall_one_cm":19798},"minecraft:crafted":{"minecraft:wooden_sword":1,"minecraft:smooth_stone":3,"minecraft:stone_shovel":1,"minecraft:spruce_planks":52,"minecraft:wooden_pickaxe":1,"minecraft:cooked_chicken":2,"minecraft:furnace":1,"minecraft:blast_furnace":1,"minecraft:cooked_salmon":2,"minecraft:stone_axe":1,"minecraft:cooked_mutton":5,"minecraft:air":0,"minecraft:stick":20,"minecraft:iron_ingot":5,"minecraft:stone_pickaxe":1,"minecraft:wooden_axe":1,"minecraft:stone_sword":1,"minecraft:chest":2,"minecraft:spruce_boat":1,"minecraft:torch":44},"minecraft:picked_up":{"minecraft:crafting_table":5,"minecraft:feather":3,"minecraft:chicken":2,"minecraft:salmon":2,"minecraft:andesite":1,"minecraft:brown_wool":1,"minecraft:brown_mushroom":3,"minecraft:flint":2,"minecraft:tuff":23,"minecraft:shield":1,"minecraft:lapis_lazuli":6,"minecraft:string":3,"minecraft:dirt":1,"minecraft:raw_copper":3,"minecraft:wheat_seeds":1,"minecraft:cobbled_deepslate":200,"minecraft:raw_gold":5,"minecraft:bucket":1,"minecraft:iron_ingot":1,"minecraft:iron_pickaxe":1,"minecraft:chest":1,"minecraft:furnace":4,"minecraft:stick":6,"minecraft:raw_iron":24,"minecraft:stone":3,"minecraft:gravel":9,"minecraft:diorite":1,"minecraft:stripped_spruce_log":1,"minecraft:spruce_sapling":6,"tombstone:grave_dust":2,"minecraft:spruce_log":31,"minecraft:redstone":12,"minecraft:spider_eye":1,"minecraft:rotten_flesh":3,"minecraft:diamond":1,"minecraft:glistering_melon_slice":2,"minecraft:mutton":5,"minecraft:coal":74,"minecraft:white_wool":2,"minecraft:cobblestone":25},"minecraft:killed":{"minecraft:zombie_villager":1,"minecraft:salmon":2,"minecraft:spider":3,"minecraft:sheep":3,"minecraft:zombie":3,"minecraft:chicken":2},"minecraft:dropped":{"minecraft:diamond":1,"minecraft:glistering_melon_slice":2}},"DataVersion":3465}