{"stats":{"minecraft:killed":{"minecraft:zombie_villager":1,"minecraft:salmon":2,"minecraft:spider":3,"minecraft:creeper":1,"minecraft:skeleton":1,"minecraft:sheep":3,"minecraft:zombie":3,"minecraft:chicken":2},"minecraft:used":{"minecraft:cooked_mutton":5,"minecraft:water_bucket":4,"minecraft:stone_sword":30,"minecraft:stone_pickaxe":100,"minecraft:chest":3,"minecraft:spruce_planks":7,"minecraft:wooden_pickaxe":3,"minecraft:shield":34,"minecraft:cooked_salmon":2,"minecraft:cooked_chicken":2,"minecraft:rotten_flesh":5,"minecraft:torch":30,"minecraft:dirt":1,"minecraft:crafting_table":5,"minecraft:blast_furnace":1,"minecraft:tuff":29,"minecraft:stripped_spruce_log":1,"minecraft:wooden_axe":13,"minecraft:iron_pickaxe":338,"minecraft:stone_axe":56,"minecraft:cobblestone":7,"minecraft:furnace":4,"minecraft:andesite":1,"minecraft:bucket":4,"tombstone:gift":1,"minecraft:cobbled_deepslate":21},"minecraft:crafted":{"minecraft:wooden_sword":1,"minecraft:smooth_stone":3,"minecraft:stone_shovel":1,"minecraft:spruce_planks":52,"minecraft:wooden_pickaxe":1,"minecraft:cooked_chicken":2,"minecraft:furnace":1,"minecraft:blast_furnace":1,"minecraft:cooked_salmon":2,"minecraft:stone_axe":1,"minecraft:cooked_mutton":5,"minecraft:air":0,"minecraft:stick":20,"minecraft:iron_ingot":5,"minecraft:stone_pickaxe":1,"minecraft:wooden_axe":1,"minecraft:stone_sword":1,"minecraft:chest":2,"minecraft:spruce_boat":1,"minecraft:torch":44},"minecraft:killed_by":{"minecraft:skeleton":1,"minecraft:enderman":2},"minecraft:broken":{"minecraft:shield":1,"minecraft:iron_pickaxe":1},"minecraft:custom":{"minecraft:interact_with_furnace":30,"minecraft:mob_kills":19,"minecraft:interact_with_crafting_table":20,"minecraft:leave_game":2,"minecraft:time_since_death":4782,"minecraft:time_since_rest":2383,"minecraft:sprint_one_cm":144163,"minecraft:damage_taken":1625,"minecraft:walk_one_cm":140027,"minecraft:damage_blocked_by_shield":3120,"minecraft:drop":9,"minecraft:damage_dealt":2979,"minecraft:swim_one_cm":4345,"minecraft:fly_one_cm":165002,"minecraft:open_chest":5,"minecraft:crouch_one_cm":23607,"minecraft:play_time":64859,"tombstone:undead_killed":5,"minecraft:deaths":3,"minecraft:sneak_time":9107,"minecraft:walk_under_water_one_cm":4340,"minecraft:jump":1164,"minecraft:interact_with_blast_furnace":3,"minecraft:walk_on_water_one_cm":16623,"minecraft:total_world_time":64859,"minecraft:fall_one_cm":23879},"minecraft:mined":{"minecraft:deepslate_redstone_ore":3,"minecraft:tuff":26,"minecraft:brown_mushroom":3,"minecraft:deepslate_diamond_ore":6,"minecraft:medium_amethyst_bud":2,"minecraft:amethyst_cluster":2,"minecraft:crafting_table":5,"minecraft:budding_amethyst":4,"minecraft:grass_block":1,"minecraft:chest":1,"minecraft:cobblestone":2,"minecraft:spruce_leaves":5,"minecraft:deepslate_gold_ore":5,"minecraft:diorite":1,"minecraft:amethyst_block":34,"minecraft:deepslate_copper_ore":1,"minecraft:large_fern":1,"minecraft:furnace":4,"minecraft:iron_ore":4,"minecraft:cobbled_deepslate":3,"minecraft:spruce_log":30,"minecraft:stripped_spruce_log":1,"minecraft:andesite":1,"minecraft:deepslate_lapis_ore":4,"minecraft:coal_ore":27,"minecraft:deepslate_iron_ore":16,"minecraft:gravel":9,"minecraft:stone":24,"minecraft:small_dripleaf":1,"minecraft:deepslate":267,"minecraft:fern":1},"minecraft:dropped":{"minecraft:diamond":7,"minecraft:glistering_melon_slice":2},"minecraft:picked_up":{"minecraft:crafting_table":5,"minecraft:feather":3,"minecraft:chicken":2,"minecraft:andesite":1,"minecraft:salmon":2,"minecraft:brown_wool":1,"minecraft:brown_mushroom":3,"minecraft:flint":2,"minecraft:tuff":35,"minecraft:shield":1,"minecraft:gunpowder":1,"minecraft:amethyst_block":34,"minecraft:dirt":1,"minecraft:lapis_lazuli":19,"minecraft:string":3,"minecraft:moss_carpet":2,"minecraft:raw_copper":3,"minecraft:wheat_seeds":1,"minecraft:cobbled_deepslate":346,"minecraft:raw_gold":5,"minecraft:bucket":1,"minecraft:iron_ingot":1,"minecraft:iron_pickaxe":2,"minecraft:chest":1,"minecraft:furnace":4,"minecraft:stick":6,"minecraft:raw_iron":26,"minecraft:stone":3,"minecraft:gravel":9,"minecraft:amethyst_shard":8,"minecraft:stripped_spruce_log":1,"minecraft:spruce_sapling":6,"tombstone:grave_dust":3,"minecraft:diorite":1,"minecraft:spruce_log":31,"minecraft:redstone":12,"minecraft:spider_eye":1,"minecraft:rotten_flesh":5,"minecraft:diamond":7,"minecraft:glistering_melon_slice":2,"minecraft:mutton":5,"minecraft:coal":74,"minecraft:white_wool":2,"minecraft:cobblestone":25}},"DataVersion":3465}