{"stats":{"minecraft:killed":{"minecraft:zombie_villager":1,"minecraft:salmon":2,"minecraft:spider":5,"minecraft:creeper":2,"minecraft:skeleton":4,"minecraft:sheep":6,"minecraft:zombie":12,"minecraft:chicken":2},"minecraft:used":{"minecraft:cooked_mutton":5,"minecraft:water_bucket":4,"minecraft:stone_sword":57,"minecraft:stone_pickaxe":100,"minecraft:chest":3,"minecraft:spruce_planks":8,"minecraft:wooden_pickaxe":3,"minecraft:shield":56,"minecraft:cooked_salmon":2,"minecraft:cooked_chicken":2,"minecraft:rotten_flesh":20,"minecraft:white_wool":1,"minecraft:torch":39,"minecraft:dirt":8,"minecraft:crafting_table":6,"minecraft:blast_furnace":2,"minecraft:white_bed":1,"minecraft:tuff":33,"minecraft:stripped_spruce_log":1,"minecraft:wooden_axe":13,"minecraft:iron_pickaxe":400,"minecraft:stone_axe":82,"minecraft:cobblestone":10,"minecraft:furnace":4,"minecraft:andesite":1,"minecraft:bucket":4,"tombstone:gift":4,"minecraft:cobbled_deepslate":71},"minecraft:crafted":{"minecraft:wooden_sword":1,"minecraft:smooth_stone":3,"minecraft:stone_shovel":1,"minecraft:crafting_table":1,"minecraft:spruce_planks":96,"minecraft:iron_helmet":1,"minecraft:wooden_pickaxe":1,"minecraft:cooked_chicken":2,"minecraft:furnace":1,"minecraft:blast_furnace":1,"minecraft:cooked_salmon":2,"minecraft:stone_axe":1,"minecraft:cooked_mutton":5,"minecraft:air":0,"minecraft:white_wool":1,"minecraft:iron_chestplate":1,"minecraft:iron_boots":1,"minecraft:shield":1,"minecraft:stick":20,"minecraft:iron_ingot":31,"minecraft:stone_pickaxe":1,"minecraft:wooden_axe":1,"minecraft:stone_sword":1,"minecraft:chest":2,"minecraft:iron_leggings":1,"minecraft:white_bed":1,"minecraft:spruce_boat":1,"minecraft:torch":44},"minecraft:killed_by":{"minecraft:skeleton":1,"minecraft:enderman":2},"minecraft:broken":{"minecraft:shield":1,"minecraft:stone_axe":1,"minecraft:iron_pickaxe":1},"minecraft:custom":{"minecraft:interact_with_furnace":31,"minecraft:mob_kills":37,"minecraft:interact_with_crafting_table":28,"minecraft:leave_game":3,"minecraft:time_since_death":25966,"minecraft:sleep_in_bed":1,"minecraft:climb_one_cm":803,"minecraft:time_since_rest":13147,"minecraft:sprint_one_cm":179037,"minecraft:damage_taken":1867,"minecraft:walk_one_cm":181485,"minecraft:damage_blocked_by_shield":4365,"minecraft:drop":9,"minecraft:damage_dealt":6429,"minecraft:swim_one_cm":5682,"minecraft:fly_one_cm":193172,"minecraft:open_chest":16,"minecraft:crouch_one_cm":26809,"minecraft:play_time":86043,"tombstone:undead_killed":17,"minecraft:deaths":3,"minecraft:sneak_time":10784,"minecraft:walk_under_water_one_cm":4457,"minecraft:jump":1551,"minecraft:interact_with_blast_furnace":7,"minecraft:walk_on_water_one_cm":17764,"minecraft:total_world_time":86043,"minecraft:fall_one_cm":26485},"minecraft:mined":{"minecraft:podzol":1,"minecraft:deepslate_redstone_ore":3,"minecraft:tuff":26,"minecraft:brown_mushroom":9,"minecraft:deepslate_diamond_ore":6,"minecraft:medium_amethyst_bud":2,"minecraft:amethyst_cluster":2,"minecraft:torch":7,"minecraft:crafting_table":5,"minecraft:budding_amethyst":4,"minecraft:blast_furnace":1,"minecraft:grass_block":1,"minecraft:chest":1,"minecraft:cobblestone":2,"minecraft:spruce_leaves":5,"minecraft:deepslate_gold_ore":5,"minecraft:diorite":1,"minecraft:amethyst_block":34,"minecraft:deepslate_copper_ore":1,"minecraft:large_fern":1,"minecraft:furnace":4,"minecraft:iron_ore":4,"minecraft:cobbled_deepslate":12,"minecraft:spruce_log":30,"minecraft:stripped_spruce_log":1,"minecraft:andesite":1,"minecraft:deepslate_lapis_ore":4,"minecraft:coal_ore":27,"minecraft:deepslate_iron_ore":16,"minecraft:gravel":9,"minecraft:dirt":7,"minecraft:stone":62,"minecraft:small_dripleaf":1,"minecraft:white_wool":1,"minecraft:deepslate":267,"minecraft:fern":1},"minecraft:dropped":{"minecraft:diamond":7,"minecraft:glistering_melon_slice":2},"minecraft:picked_up":{"minecraft:crafting_table":5,"minecraft:feather":3,"minecraft:chicken":2,"minecraft:andesite":1,"minecraft:salmon":2,"minecraft:brown_wool":1,"minecraft:brown_mushroom":9,"minecraft:potato":1,"minecraft:flint":2,"minecraft:tuff":35,"minecraft:shield":1,"minecraft:gunpowder":3,"minecraft:amethyst_block":34,"minecraft:dirt":12,"minecraft:lapis_lazuli":19,"minecraft:string":3,"minecraft:moss_carpet":2,"minecraft:raw_copper":3,"minecraft:bone":4,"minecraft:bow":1,"minecraft:wheat_seeds":1,"minecraft:cobbled_deepslate":355,"minecraft:raw_gold":5,"minecraft:bucket":1,"minecraft:iron_ingot":1,"minecraft:iron_pickaxe":2,"minecraft:chest":1,"minecraft:furnace":4,"minecraft:stick":6,"minecraft:raw_iron":26,"minecraft:stone":3,"minecraft:torch":7,"minecraft:gravel":9,"minecraft:amethyst_shard":8,"minecraft:blast_furnace":1,"minecraft:stripped_spruce_log":1,"minecraft:spruce_sapling":6,"tombstone:grave_dust":9,"minecraft:diorite":1,"minecraft:spruce_log":31,"minecraft:redstone":12,"minecraft:spider_eye":2,"minecraft:mossy_cobblestone":2,"minecraft:arrow":2,"minecraft:rotten_flesh":20,"minecraft:diamond":7,"minecraft:glistering_melon_slice":2,"tombstone:magic_scroll":1,"minecraft:black_wool":1,"minecraft:mutton":9,"minecraft:coal":87,"minecraft:white_wool":5,"minecraft:cobblestone":63}},"DataVersion":3465}