{"stats":{"minecraft:killed":{"minecraft:spider":7,"minecraft:skeleton":13,"minecraft:chicken":4,"minecraft:zombie_villager":2,"minecraft:salmon":2,"minecraft:bat":1,"minecraft:creeper":6,"minecraft:sheep":10,"minecraft:zombie":46,"minecraft:enderman":2,"minecraft:cow":3},"minecraft:used":{"minecraft:moss_block":3,"minecraft:stone_sword":91,"minecraft:chest":7,"minecraft:spruce_planks":17,"minecraft:shield":88,"minecraft:cooked_salmon":2,"minecraft:cooked_chicken":2,"minecraft:rotten_flesh":30,"minecraft:stone_hoe":1,"minecraft:iron_chestplate":1,"minecraft:torch":52,"minecraft:dirt":8,"minecraft:tuff":33,"minecraft:stripped_spruce_log":1,"minecraft:wooden_axe":13,"minecraft:spruce_boat":1,"tombstone:ankh_of_pray":17,"minecraft:iron_axe":280,"minecraft:iron_helmet":1,"minecraft:iron_boots":1,"minecraft:dark_oak_boat":2,"minecraft:furnace":7,"tombstone:gift":7,"minecraft:cooked_beef":2,"minecraft:potato":17,"minecraft:cobbled_deepslate":183,"minecraft:iron_leggings":1,"minecraft:golden_axe":1,"minecraft:cooked_mutton":9,"minecraft:water_bucket":12,"minecraft:amethyst_block":37,"minecraft:baked_potato":24,"minecraft:stone_pickaxe":100,"minecraft:wooden_pickaxe":22,"minecraft:diamond_axe":33,"minecraft:white_wool":1,"minecraft:glow_berries":47,"minecraft:crafting_table":9,"minecraft:blast_furnace":2,"minecraft:white_bed":1,"minecraft:smoker":5,"minecraft:diamond_pickaxe":2,"minecraft:dark_oak_log":7,"minecraft:iron_pickaxe":666,"tombstone:magic_scroll":1,"tombstone:grave_key":4,"minecraft:stone_axe":113,"minecraft:wooden_sword":28,"minecraft:cobblestone":68,"minecraft:andesite":11,"minecraft:bucket":13,"minecraft:bone_meal":39},"minecraft:crafted":{"minecraft:wooden_sword":1,"minecraft:smooth_stone":3,"minecraft:stone_shovel":1,"minecraft:dark_oak_boat":2,"minecraft:cooked_chicken":3,"minecraft:furnace":5,"minecraft:blast_furnace":1,"minecraft:stone":12,"minecraft:bone_meal":39,"minecraft:cooked_mutton":14,"minecraft:iron_boots":2,"minecraft:iron_axe":2,"tombstone:grave_key":2,"minecraft:stone_pickaxe":1,"minecraft:chest":5,"minecraft:spruce_boat":2,"minecraft:dried_kelp_block":21,"minecraft:dark_oak_planks":40,"minecraft:stone_hoe":2,"minecraft:smoker":3,"minecraft:cooked_beef":7,"minecraft:diamond_axe":1,"minecraft:crafting_table":3,"minecraft:spruce_planks":116,"minecraft:iron_helmet":2,"minecraft:dried_kelp":197,"minecraft:wooden_pickaxe":2,"minecraft:baked_potato":41,"minecraft:iron_sword":1,"minecraft:cooked_salmon":2,"tombstone:ankh_of_pray":1,"minecraft:stone_axe":2,"minecraft:air":0,"minecraft:white_wool":1,"minecraft:iron_chestplate":2,"minecraft:diamond_pickaxe":1,"minecraft:charcoal":22,"minecraft:shield":2,"minecraft:stick":72,"minecraft:iron_ingot":87,"minecraft:iron_pickaxe":1,"minecraft:wooden_axe":1,"minecraft:stone_sword":1,"minecraft:iron_leggings":2,"minecraft:gold_ingot":1,"minecraft:white_bed":1,"minecraft:torch":72},"minecraft:killed_by":{"minecraft:enderman":2,"minecraft:skeleton":6,"minecraft:zombie":1},"minecraft:broken":{"minecraft:shield":2,"minecraft:stone_axe":1,"minecraft:iron_pickaxe":1},"minecraft:custom":{"minecraft:mob_kills":99,"minecraft:interact_with_crafting_table":103,"minecraft:leave_game":6,"minecraft:time_since_death":15886,"minecraft:climb_one_cm":7582,"minecraft:sprint_one_cm":465341,"minecraft:walk_one_cm":543164,"minecraft:damage_blocked_by_shield":6870,"minecraft:drop":119,"minecraft:play_time":274312,"minecraft:deaths":11,"minecraft:sneak_time":24233,"minecraft:walk_under_water_one_cm":27864,"minecraft:boat_one_cm":491504,"minecraft:jump":4955,"minecraft:interact_with_blast_furnace":49,"minecraft:walk_on_water_one_cm":53213,"minecraft:total_world_time":274312,"minecraft:interact_with_furnace":72,"minecraft:sleep_in_bed":1,"minecraft:time_since_rest":15424,"minecraft:damage_taken":5640,"minecraft:damage_dealt":17340,"minecraft:swim_one_cm":220553,"minecraft:fly_one_cm":470366,"minecraft:open_chest":104,"minecraft:crouch_one_cm":63119,"tombstone:undead_killed":61,"minecraft:interact_with_smoker":82,"minecraft:fall_one_cm":92942},"minecraft:mined":{"minecraft:tuff":27,"minecraft:dark_oak_leaves":8,"minecraft:deepslate_diamond_ore":6,"minecraft:dark_oak_log":163,"minecraft:cave_vines_plant":18,"minecraft:budding_amethyst":4,"minecraft:grass_block":1,"minecraft:brown_mushroom_block":1,"minecraft:spruce_leaves":10,"minecraft:moss_block":3,"minecraft:kelp":14,"minecraft:large_fern":1,"minecraft:tall_seagrass":2,"minecraft:furnace":7,"minecraft:iron_ore":24,"minecraft:cobbled_deepslate":44,"minecraft:fire":7,"minecraft:andesite":18,"minecraft:stripped_spruce_log":1,"minecraft:deepslate_lapis_ore":4,"minecraft:potatoes":17,"minecraft:cave_vines":38,"minecraft:deepslate_iron_ore":19,"minecraft:azalea":1,"minecraft:stone":84,"minecraft:white_wool":1,"minecraft:podzol":1,"minecraft:deepslate_redstone_ore":3,"minecraft:flowering_azalea":2,"minecraft:brown_mushroom":9,"minecraft:kelp_plant":42,"minecraft:medium_amethyst_bud":2,"minecraft:smoker":3,"minecraft:amethyst_cluster":2,"minecraft:dandelion":1,"minecraft:clay":8,"minecraft:oak_fence":2,"minecraft:crafting_table":8,"minecraft:torch":7,"minecraft:blast_furnace":1,"minecraft:chest":2,"minecraft:dead_bush":1,"minecraft:tall_grass":8,"minecraft:cobblestone":6,"minecraft:deepslate_gold_ore":10,"minecraft:oak_planks":1,"minecraft:diorite":6,"minecraft:wall_torch":2,"minecraft:amethyst_block":35,"minecraft:deepslate_copper_ore":1,"minecraft:seagrass":7,"minecraft:gray_wool":7,"minecraft:spruce_log":48,"minecraft:grass":2,"minecraft:oak_log":16,"minecraft:coal_ore":27,"minecraft:gravel":9,"minecraft:dirt":7,"minecraft:cobweb":15,"minecraft:small_dripleaf":1,"minecraft:deepslate":365,"minecraft:fern":1},"minecraft:dropped":{"minecraft:enchanted_book":1,"minecraft:stone_hoe":1,"minecraft:iron_ingot":26,"minecraft:clay":1,"minecraft:moss_block":7,"minecraft:wheat_seeds":4,"minecraft:mossy_cobblestone":2,"minecraft:diamond":7,"minecraft:feather":1,"minecraft:cobblestone":30,"minecraft:leather":1,"minecraft:tropical_fish":1,"minecraft:stick":13,"minecraft:flint":5,"minecraft:dirt":12,"minecraft:gray_wool":7,"minecraft:dark_oak_log":64,"minecraft:diorite":1,"minecraft:wooden_sword":2,"minecraft:amethyst_shard":8,"minecraft:glistering_melon_slice":2,"minecraft:string":1,"minecraft:bone":4,"minecraft:gravel":1,"minecraft:furnace":1,"minecraft:stone_sword":1,"minecraft:cobbled_deepslate":36,"minecraft:obsidian":2,"minecraft:rotten_flesh":13,"minecraft:big_dripleaf":7,"minecraft:potato":1,"minecraft:spruce_boat":1,"minecraft:andesite":6,"minecraft:golden_leggings":1,"minecraft:azalea":3,"minecraft:spider_eye":2,"minecraft:arrow":4,"minecraft:wooden_pickaxe":4},"minecraft:picked_up":{"minecraft:charcoal":1,"minecraft:crafting_table":8,"minecraft:chicken":3,"minecraft:clay_ball":131,"minecraft:brown_mushroom":9,"minecraft:wooden_pickaxe":2,"minecraft:enchanted_book":1,"minecraft:shield":1,"minecraft:amethyst_block":37,"minecraft:string":19,"minecraft:moss_carpet":2,"minecraft:raw_copper":3,"minecraft:wooden_sword":1,"minecraft:cobbled_deepslate":490,"minecraft:bucket":1,"minecraft:spruce_planks":28,"minecraft:beef":9,"minecraft:azalea":3,"minecraft:iron_pickaxe":2,"minecraft:chest":2,"minecraft:furnace":8,"minecraft:dark_oak_sapling":2,"minecraft:stick":21,"minecraft:raw_iron":49,"minecraft:stone":3,"minecraft:big_dripleaf":7,"minecraft:torch":9,"tombstone:grave_dust":15,"minecraft:diorite":4,"minecraft:redstone":12,"minecraft:arrow":9,"minecraft:rotten_flesh":45,"minecraft:tropical_fish":1,"minecraft:glistering_melon_slice":2,"minecraft:glow_berries":32,"minecraft:mutton":15,"minecraft:white_wool":9,"minecraft:cobblestone":95,"minecraft:feather":6,"minecraft:cooked_beef":5,"minecraft:water_bucket":1,"minecraft:andesite":17,"minecraft:salmon":2,"minecraft:brown_wool":1,"minecraft:leather":1,"minecraft:golden_leggings":1,"minecraft:smoker":3,"minecraft:potato":59,"minecraft:flint":3,"minecraft:oak_log":16,"minecraft:tuff":35,"minecraft:gunpowder":4,"minecraft:lapis_lazuli":19,"minecraft:dirt":20,"tombstone:gift":1,"minecraft:cooked_mutton":1,"minecraft:bone":12,"minecraft:kelp":216,"minecraft:bow":2,"minecraft:wheat_seeds":5,"minecraft:raw_gold":20,"minecraft:iron_ingot":1,"minecraft:moss_block":10,"minecraft:flowering_azalea":2,"minecraft:oak_planks":1,"minecraft:dandelion":1,"minecraft:gravel":10,"minecraft:amethyst_shard":8,"minecraft:stripped_spruce_log":1,"minecraft:spruce_sapling":7,"minecraft:blast_furnace":1,"minecraft:spruce_log":49,"minecraft:dark_oak_log":296,"minecraft:spider_eye":3,"minecraft:mossy_cobblestone":4,"minecraft:dried_kelp_block":29,"minecraft:clay":2,"minecraft:diamond":10,"minecraft:gray_wool":7,"minecraft:baked_potato":17,"tombstone:magic_scroll":1,"minecraft:black_wool":1,"minecraft:coal":87,"minecraft:diamond_pickaxe":1,"minecraft:ender_pearl":2}},"DataVersion":3465}