{"stats":{"minecraft:killed":{"minecraft:spider":6,"minecraft:skeleton":10,"minecraft:chicken":4,"minecraft:zombie_villager":1,"minecraft:salmon":2,"minecraft:bat":1,"minecraft:creeper":6,"minecraft:sheep":10,"minecraft:zombie":38,"minecraft:enderman":2,"minecraft:cow":3},"minecraft:used":{"minecraft:stone_sword":91,"minecraft:chest":7,"minecraft:spruce_planks":8,"minecraft:shield":80,"minecraft:cooked_salmon":2,"minecraft:cooked_chicken":2,"minecraft:rotten_flesh":30,"minecraft:stone_hoe":1,"minecraft:torch":52,"minecraft:dirt":8,"minecraft:tuff":33,"minecraft:stripped_spruce_log":1,"minecraft:wooden_axe":13,"minecraft:spruce_boat":1,"tombstone:ankh_of_pray":9,"minecraft:iron_axe":280,"minecraft:dark_oak_boat":2,"minecraft:furnace":7,"tombstone:gift":6,"minecraft:cooked_beef":2,"minecraft:potato":17,"minecraft:cobbled_deepslate":183,"minecraft:golden_axe":1,"minecraft:cooked_mutton":9,"minecraft:water_bucket":12,"minecraft:amethyst_block":14,"minecraft:baked_potato":24,"minecraft:stone_pickaxe":100,"minecraft:wooden_pickaxe":20,"minecraft:white_wool":1,"minecraft:glow_berries":20,"minecraft:crafting_table":9,"minecraft:blast_furnace":2,"minecraft:white_bed":1,"minecraft:smoker":5,"minecraft:iron_pickaxe":666,"tombstone:magic_scroll":1,"tombstone:grave_key":3,"minecraft:stone_axe":113,"minecraft:wooden_sword":7,"minecraft:cobblestone":68,"minecraft:andesite":11,"minecraft:bucket":13,"minecraft:bone_meal":39},"minecraft:crafted":{"minecraft:wooden_sword":1,"minecraft:smooth_stone":3,"minecraft:stone_shovel":1,"minecraft:dark_oak_boat":2,"minecraft:cooked_chicken":3,"minecraft:furnace":5,"minecraft:blast_furnace":1,"minecraft:stone":12,"minecraft:bone_meal":39,"minecraft:cooked_mutton":14,"minecraft:iron_boots":1,"minecraft:iron_axe":2,"tombstone:grave_key":2,"minecraft:stone_pickaxe":1,"minecraft:chest":5,"minecraft:spruce_boat":2,"minecraft:dried_kelp_block":21,"minecraft:dark_oak_planks":40,"minecraft:stone_hoe":1,"minecraft:smoker":3,"minecraft:cooked_beef":7,"minecraft:crafting_table":3,"minecraft:spruce_planks":116,"minecraft:iron_helmet":1,"minecraft:dried_kelp":197,"minecraft:wooden_pickaxe":2,"minecraft:baked_potato":41,"minecraft:cooked_salmon":2,"tombstone:ankh_of_pray":1,"minecraft:stone_axe":2,"minecraft:air":0,"minecraft:white_wool":1,"minecraft:iron_chestplate":1,"minecraft:diamond_pickaxe":1,"minecraft:charcoal":22,"minecraft:shield":1,"minecraft:stick":72,"minecraft:iron_ingot":34,"minecraft:iron_pickaxe":1,"minecraft:wooden_axe":1,"minecraft:stone_sword":1,"minecraft:iron_leggings":1,"minecraft:gold_ingot":1,"minecraft:white_bed":1,"minecraft:torch":72},"minecraft:killed_by":{"minecraft:enderman":2,"minecraft:skeleton":6},"minecraft:broken":{"minecraft:shield":2,"minecraft:stone_axe":1,"minecraft:iron_pickaxe":1},"minecraft:custom":{"minecraft:mob_kills":86,"minecraft:interact_with_crafting_table":91,"minecraft:leave_game":6,"minecraft:time_since_death":6301,"minecraft:climb_one_cm":6958,"minecraft:sprint_one_cm":428930,"minecraft:walk_one_cm":485725,"minecraft:damage_blocked_by_shield":6210,"minecraft:drop":46,"minecraft:play_time":250312,"minecraft:deaths":10,"minecraft:sneak_time":22406,"minecraft:walk_under_water_one_cm":27864,"minecraft:boat_one_cm":491504,"minecraft:jump":4587,"minecraft:interact_with_blast_furnace":18,"minecraft:walk_on_water_one_cm":51956,"minecraft:total_world_time":250312,"minecraft:interact_with_furnace":63,"minecraft:sleep_in_bed":1,"minecraft:time_since_rest":6249,"minecraft:damage_taken":5246,"minecraft:damage_dealt":15353,"minecraft:swim_one_cm":220553,"minecraft:fly_one_cm":433889,"minecraft:open_chest":104,"minecraft:crouch_one_cm":59223,"tombstone:undead_killed":49,"minecraft:interact_with_smoker":82,"minecraft:fall_one_cm":87687},"minecraft:mined":{"minecraft:tuff":26,"minecraft:dark_oak_leaves":8,"minecraft:deepslate_diamond_ore":6,"minecraft:dark_oak_log":163,"minecraft:cave_vines_plant":7,"minecraft:budding_amethyst":4,"minecraft:grass_block":1,"minecraft:brown_mushroom_block":1,"minecraft:spruce_leaves":10,"minecraft:moss_block":2,"minecraft:kelp":14,"minecraft:large_fern":1,"minecraft:tall_seagrass":2,"minecraft:furnace":7,"minecraft:iron_ore":24,"minecraft:cobbled_deepslate":44,"minecraft:fire":6,"minecraft:andesite":18,"minecraft:stripped_spruce_log":1,"minecraft:deepslate_lapis_ore":4,"minecraft:potatoes":17,"minecraft:cave_vines":15,"minecraft:deepslate_iron_ore":19,"minecraft:azalea":1,"minecraft:stone":84,"minecraft:white_wool":1,"minecraft:podzol":1,"minecraft:deepslate_redstone_ore":3,"minecraft:flowering_azalea":2,"minecraft:brown_mushroom":9,"minecraft:kelp_plant":42,"minecraft:medium_amethyst_bud":2,"minecraft:smoker":3,"minecraft:amethyst_cluster":2,"minecraft:dandelion":1,"minecraft:clay":8,"minecraft:oak_fence":2,"minecraft:crafting_table":8,"minecraft:torch":7,"minecraft:blast_furnace":1,"minecraft:chest":2,"minecraft:dead_bush":1,"minecraft:tall_grass":3,"minecraft:cobblestone":6,"minecraft:deepslate_gold_ore":10,"minecraft:oak_planks":1,"minecraft:diorite":6,"minecraft:wall_torch":2,"minecraft:amethyst_block":34,"minecraft:deepslate_copper_ore":1,"minecraft:seagrass":7,"minecraft:gray_wool":7,"minecraft:spruce_log":48,"minecraft:grass":2,"minecraft:coal_ore":27,"minecraft:gravel":9,"minecraft:dirt":7,"minecraft:cobweb":15,"minecraft:small_dripleaf":1,"minecraft:deepslate":363,"minecraft:fern":1},"minecraft:dropped":{"minecraft:wheat_seeds":4,"minecraft:mossy_cobblestone":2,"minecraft:diamond":7,"minecraft:feather":1,"minecraft:cobblestone":1,"minecraft:leather":1,"minecraft:stick":5,"minecraft:dirt":12,"minecraft:gray_wool":1,"minecraft:dark_oak_log":64,"minecraft:diorite":1,"minecraft:glistering_melon_slice":2,"minecraft:string":1,"minecraft:bone":3,"minecraft:gravel":1,"minecraft:cobbled_deepslate":12,"minecraft:rotten_flesh":13,"minecraft:big_dripleaf":3,"minecraft:andesite":6,"minecraft:azalea":1,"minecraft:spider_eye":2,"minecraft:arrow":4},"minecraft:picked_up":{"minecraft:charcoal":1,"minecraft:crafting_table":8,"minecraft:chicken":3,"minecraft:clay_ball":131,"minecraft:brown_mushroom":9,"minecraft:shield":1,"minecraft:amethyst_block":34,"minecraft:string":19,"minecraft:moss_carpet":2,"minecraft:raw_copper":3,"minecraft:cobbled_deepslate":482,"minecraft:bucket":1,"minecraft:spruce_planks":16,"minecraft:beef":9,"minecraft:azalea":2,"minecraft:iron_pickaxe":2,"minecraft:chest":2,"minecraft:furnace":7,"minecraft:dark_oak_sapling":2,"minecraft:stick":8,"minecraft:raw_iron":49,"minecraft:stone":3,"minecraft:big_dripleaf":7,"minecraft:torch":9,"tombstone:grave_dust":11,"minecraft:diorite":4,"minecraft:redstone":12,"minecraft:arrow":6,"minecraft:rotten_flesh":44,"minecraft:glistering_melon_slice":2,"minecraft:glow_berries":12,"minecraft:mutton":15,"minecraft:white_wool":9,"minecraft:cobblestone":95,"minecraft:feather":6,"minecraft:andesite":17,"minecraft:salmon":2,"minecraft:brown_wool":1,"minecraft:leather":1,"minecraft:smoker":3,"minecraft:potato":59,"minecraft:flint":3,"minecraft:tuff":35,"minecraft:gunpowder":4,"minecraft:lapis_lazuli":19,"minecraft:dirt":20,"tombstone:gift":1,"minecraft:cooked_mutton":1,"minecraft:bone":10,"minecraft:kelp":216,"minecraft:bow":1,"minecraft:wheat_seeds":5,"minecraft:raw_gold":10,"minecraft:iron_ingot":1,"minecraft:moss_block":2,"minecraft:oak_planks":1,"minecraft:dandelion":1,"minecraft:gravel":10,"minecraft:amethyst_shard":8,"minecraft:stripped_spruce_log":1,"minecraft:spruce_sapling":7,"minecraft:blast_furnace":1,"minecraft:spruce_log":49,"minecraft:dark_oak_log":231,"minecraft:spider_eye":3,"minecraft:mossy_cobblestone":4,"minecraft:dried_kelp_block":29,"minecraft:clay":1,"minecraft:diamond":7,"minecraft:gray_wool":7,"tombstone:magic_scroll":1,"minecraft:black_wool":1,"minecraft:coal":87,"minecraft:ender_pearl":2}},"DataVersion":3465}