{"stats":{"minecraft:killed":{"minecraft:cave_spider":5,"minecraft:witch":1,"minecraft:spider":13,"minecraft:skeleton":27,"minecraft:chicken":4,"minecraft:drowned":1,"minecraft:pig":5,"minecraft:salmon":66,"minecraft:rabbit":2,"minecraft:creeper":6,"minecraft:sheep":12,"minecraft:zombie":70,"minecraft:enderman":1,"minecraft:cow":14},"minecraft:used":{"minecraft:stone_sword":95,"minecraft:flint_and_steel":12,"minecraft:stone_shovel":52,"minecraft:chest":7,"minecraft:spruce_planks":9,"minecraft:iron_sword":707,"minecraft:cooked_salmon":44,"minecraft:rotten_flesh":5,"minecraft:torch":75,"minecraft:dirt":18,"minecraft:mutton":1,"minecraft:golden_shovel":8,"minecraft:obsidian":18,"minecraft:spruce_boat":1,"minecraft:wooden_axe":36,"tombstone:ankh_of_pray":5,"minecraft:golden_carrot":2,"minecraft:beef":8,"minecraft:sweet_berries":30,"minecraft:oak_sapling":1,"minecraft:furnace":8,"minecraft:cooked_cod":1,"tombstone:gift":7,"minecraft:egg":1,"minecraft:cooked_beef":17,"minecraft:cobbled_deepslate":146,"minecraft:cooked_mutton":10,"minecraft:diorite":6,"minecraft:stone_pickaxe":118,"minecraft:oak_planks":13,"minecraft:wooden_pickaxe":118,"minecraft:golden_apple":4,"minecraft:glow_berries":15,"minecraft:crafting_table":11,"minecraft:white_bed":3,"tombstone:bag_of_seeds":1,"minecraft:diamond_pickaxe":140,"minecraft:chicken":4,"minecraft:bread":9,"minecraft:iron_pickaxe":430,"minecraft:gravel":40,"minecraft:fishing_rod":8,"minecraft:wooden_sword":75,"minecraft:cobblestone":105,"minecraft:porkchop":2,"minecraft:cooked_porkchop":4,"minecraft:andesite":4},"minecraft:crafted":{"minecraft:wooden_sword":3,"minecraft:oak_planks":112,"minecraft:stone_shovel":1,"minecraft:fishing_rod":2,"minecraft:furnace":5,"minecraft:stone":20,"minecraft:flint_and_steel":2,"minecraft:cooked_mutton":10,"minecraft:iron_boots":1,"minecraft:stone_pickaxe":2,"minecraft:chest":6,"minecraft:cooked_beef":17,"minecraft:cooked_cod":1,"minecraft:cooked_porkchop":8,"minecraft:crafting_table":2,"minecraft:spruce_planks":68,"minecraft:wooden_pickaxe":5,"minecraft:iron_helmet":1,"tombstone:decorative_grave_simple":2,"minecraft:iron_sword":4,"minecraft:cooked_salmon":45,"tombstone:ankh_of_pray":1,"minecraft:air":0,"minecraft:iron_chestplate":1,"minecraft:diamond_pickaxe":1,"minecraft:stick":60,"minecraft:iron_ingot":91,"minecraft:iron_pickaxe":2,"tombstone:dark_marble":8,"minecraft:wooden_axe":2,"minecraft:stone_sword":2,"minecraft:gold_ingot":3,"minecraft:iron_leggings":1,"minecraft:white_bed":1,"minecraft:torch":40},"minecraft:killed_by":{"minecraft:creeper":7,"minecraft:piglin":1,"minecraft:cave_spider":1,"minecraft:skeleton":14,"minecraft:zombie":8},"minecraft:broken":{"minecraft:wooden_pickaxe":1},"minecraft:custom":{"minecraft:mob_kills":229,"minecraft:interact_with_crafting_table":68,"minecraft:leave_game":2,"minecraft:time_since_death":9488,"minecraft:climb_one_cm":424,"minecraft:sprint_one_cm":1741456,"minecraft:walk_one_cm":723733,"minecraft:drop":54,"minecraft:play_time":353811,"minecraft:deaths":34,"minecraft:sneak_time":822,"minecraft:walk_under_water_one_cm":62990,"minecraft:boat_one_cm":99646,"minecraft:jump":6470,"minecraft:walk_on_water_one_cm":89537,"minecraft:total_world_time":353811,"minecraft:interact_with_furnace":82,"tombstone:raider_killed":1,"minecraft:sleep_in_bed":7,"minecraft:time_since_rest":9254,"minecraft:damage_taken":15610,"minecraft:damage_absorbed":100,"minecraft:damage_dealt":30331,"tombstone:cast_on_ally":0,"minecraft:swim_one_cm":258186,"minecraft:fly_one_cm":960262,"minecraft:open_chest":189,"minecraft:crouch_one_cm":2449,"tombstone:undead_killed":98,"minecraft:fish_caught":3,"minecraft:fall_one_cm":165778},"minecraft:mined":{"minecraft:nether_gold_ore":8,"minecraft:crying_obsidian":1,"minecraft:tuff":4,"minecraft:spruce_planks":1,"minecraft:deepslate_diamond_ore":25,"minecraft:obsidian":22,"minecraft:glow_lichen":1,"minecraft:granite":11,"minecraft:grass_block":9,"minecraft:spruce_leaves":11,"minecraft:spawner":9,"minecraft:large_fern":1,"minecraft:tall_seagrass":6,"minecraft:redstone_ore":1,"minecraft:glowstone":9,"minecraft:furnace":4,"minecraft:fire":11,"minecraft:iron_ore":60,"minecraft:cobbled_deepslate":21,"minecraft:andesite":16,"minecraft:fletching_table":1,"minecraft:deepslate_lapis_ore":4,"minecraft:gold_block":1,"minecraft:cave_vines":1,"minecraft:deepslate_iron_ore":32,"minecraft:stone":201,"minecraft:podzol":1,"minecraft:deepslate_redstone_ore":2,"minecraft:crafting_table":11,"minecraft:torch":11,"minecraft:calcite":22,"minecraft:chest":1,"minecraft:tall_grass":24,"minecraft:cobblestone":10,"minecraft:lapis_ore":8,"minecraft:deepslate_gold_ore":4,"minecraft:sugar_cane":1,"minecraft:oak_planks":2,"minecraft:diorite":8,"minecraft:wall_torch":15,"minecraft:amethyst_block":7,"minecraft:seagrass":5,"minecraft:sweet_berry_bush":16,"minecraft:spruce_log":17,"minecraft:yellow_bed":1,"minecraft:grass":48,"minecraft:oak_log":28,"minecraft:coal_ore":90,"minecraft:gravel":53,"minecraft:dripstone_block":22,"minecraft:dirt":25,"minecraft:cobweb":110,"minecraft:smooth_basalt":1,"minecraft:netherrack":5,"minecraft:gold_ore":8,"minecraft:oak_leaves":6,"minecraft:deepslate":175},"minecraft:dropped":{"minecraft:iron_sword":1,"minecraft:lapis_lazuli":64,"minecraft:dripstone_block":22,"minecraft:pitcher_pod":1,"minecraft:cobblestone":7,"minecraft:iron_horse_armor":1,"minecraft:pufferfish":2,"minecraft:flint":1,"minecraft:stick":1,"minecraft:dirt":9,"minecraft:torch":3,"tombstone:grave_dust":5,"minecraft:bone_meal":3,"minecraft:iron_pickaxe":1,"minecraft:string":8,"minecraft:dandelion":2,"minecraft:smooth_basalt":1,"minecraft:redstone":5,"minecraft:spruce_sapling":1,"minecraft:bone":2,"minecraft:sugar_cane":4,"minecraft:stone_sword":1,"minecraft:cobbled_deepslate":4,"minecraft:cocoa_beans":1,"minecraft:tuff":4,"minecraft:pointed_dripstone":2,"minecraft:rotten_flesh":3,"minecraft:pumpkin_seeds":4,"minecraft:gunpowder":6,"minecraft:spruce_planks":40,"minecraft:diamond_pickaxe":1,"minecraft:andesite":2,"minecraft:beetroot_seeds":3,"minecraft:spider_eye":3,"minecraft:stone_pickaxe":1},"minecraft:picked_up":{"minecraft:wooden_axe":1,"minecraft:crafting_table":11,"minecraft:chainmail_boots":1,"minecraft:chicken":4,"minecraft:wooden_pickaxe":1,"minecraft:gold_block":1,"minecraft:enchanted_book":13,"tombstone:grave_key":2,"minecraft:amethyst_block":14,"minecraft:string":277,"minecraft:raw_copper":3,"minecraft:wooden_sword":3,"minecraft:pufferfish":4,"minecraft:gold_nugget":33,"minecraft:cobbled_deepslate":258,"minecraft:spruce_planks":40,"minecraft:beef":28,"minecraft:calcite":42,"minecraft:iron_pickaxe":2,"minecraft:sugar_cane":4,"minecraft:chest":2,"minecraft:egg":1,"minecraft:furnace":4,"minecraft:stick":2,"minecraft:raw_iron":92,"minecraft:oak_fence":10,"minecraft:torch":32,"minecraft:porkchop":9,"tombstone:grave_dust":19,"minecraft:pointed_dripstone":2,"minecraft:diorite":17,"minecraft:redstone":15,"tombstone:tablet_of_cupidity":1,"minecraft:iron_horse_armor":1,"minecraft:rabbit_foot":1,"minecraft:arrow":53,"minecraft:stone_sword":2,"minecraft:rotten_flesh":140,"tombstone:essence_of_undeath":3,"minecraft:obsidian":22,"minecraft:mutton":16,"minecraft:rail":7,"minecraft:cod":2,"minecraft:white_wool":21,"minecraft:cobblestone":223,"minecraft:feather":7,"minecraft:tripwire_hook":2,"minecraft:andesite":20,"minecraft:salmon":63,"minecraft:leather":39,"minecraft:flint":6,"minecraft:tuff":4,"minecraft:oak_log":28,"minecraft:yellow_bed":1,"minecraft:gunpowder":13,"minecraft:lapis_lazuli":264,"minecraft:dirt":64,"minecraft:name_tag":4,"minecraft:leather_boots":1,"minecraft:bone":37,"minecraft:wheat_seeds":23,"minecraft:raw_gold":28,"minecraft:rabbit_hide":1,"minecraft:iron_ingot":86,"minecraft:stone_pickaxe":2,"minecraft:fletching_table":1,"minecraft:glowstone_dust":27,"tombstone:bag_of_seeds":1,"minecraft:rabbit":2,"minecraft:iron_sword":2,"minecraft:oak_planks":47,"minecraft:smooth_basalt":1,"minecraft:music_disc_13":2,"minecraft:sweet_berries":32,"minecraft:dandelion":4,"minecraft:dripstone_block":25,"minecraft:gravel":45,"tombstone:decorative_grave_simple":2,"minecraft:spruce_sapling":1,"minecraft:grass_block":2,"minecraft:white_bed":2,"minecraft:spruce_log":17,"minecraft:crying_obsidian":1,"minecraft:spider_eye":13,"minecraft:bundle":5,"minecraft:pumpkin_seeds":2,"minecraft:diamond":53,"minecraft:spruce_boat":1,"minecraft:granite":13,"minecraft:bone_meal":5,"minecraft:golden_apple":2,"minecraft:golden_horse_armor":2,"minecraft:black_wool":1,"minecraft:oak_sapling":1,"minecraft:netherrack":4,"minecraft:coal":135,"minecraft:diamond_pickaxe":1}},"DataVersion":3465}