{"stats":{"minecraft:mined":{"minecraft:grass":1,"minecraft:coal_ore":17,"minecraft:furnace":1,"minecraft:iron_ore":1,"minecraft:spruce_log":12,"minecraft:stone":15,"minecraft:crafting_table":3},"minecraft:used":{"minecraft:wooden_axe":10,"minecraft:cobblestone":2,"minecraft:crafting_table":3,"minecraft:furnace":1,"minecraft:stone_pickaxe":30,"minecraft:spruce_planks":3,"minecraft:wooden_pickaxe":4},"minecraft:custom":{"minecraft:interact_with_furnace":1,"minecraft:time_since_rest":7659,"minecraft:play_time":7659,"minecraft:crouch_one_cm":641,"minecraft:sprint_one_cm":20959,"minecraft:damage_taken":50,"minecraft:walk_one_cm":16546,"minecraft:sneak_time":88,"minecraft:jump":108,"minecraft:leave_game":1,"minecraft:time_since_death":7659,"minecraft:total_world_time":7659,"minecraft:fall_one_cm":2760,"minecraft:interact_with_crafting_table":3,"minecraft:fly_one_cm":11257},"minecraft:picked_up":{"minecraft:raw_iron":1,"minecraft:crafting_table":3,"minecraft:spruce_log":12,"minecraft:furnace":1,"minecraft:coal":24,"minecraft:cobblestone":14},"minecraft:crafted":{"minecraft:furnace":1,"minecraft:wooden_sword":1,"minecraft:torch":4,"minecraft:crafting_table":1,"minecraft:spruce_planks":48,"minecraft:stick":8,"minecraft:iron_ingot":1,"minecraft:wooden_pickaxe":1,"minecraft:stone_pickaxe":1,"minecraft:wooden_axe":1}},"DataVersion":3465}