{"stats":{"minecraft:mined":{"minecraft:podzol":1,"minecraft:spruce_planks":1,"minecraft:crafting_table":11,"minecraft:torch":1,"minecraft:granite":1,"minecraft:grass_block":7,"minecraft:chest":1,"minecraft:tall_grass":11,"minecraft:spruce_leaves":11,"minecraft:oak_planks":1,"minecraft:sugar_cane":1,"minecraft:wall_torch":4,"minecraft:large_fern":1,"minecraft:seagrass":4,"minecraft:tall_seagrass":5,"minecraft:furnace":4,"minecraft:iron_ore":15,"minecraft:sweet_berry_bush":16,"minecraft:spruce_log":17,"minecraft:andesite":6,"minecraft:grass":12,"minecraft:oak_log":9,"minecraft:coal_ore":61,"minecraft:gravel":3,"minecraft:dirt":16,"minecraft:stone":120},"minecraft:killed_by":{"minecraft:skeleton":1,"minecraft:creeper":1},"minecraft:broken":{"minecraft:wooden_pickaxe":1},"minecraft:used":{"minecraft:cooked_mutton":2,"minecraft:stone_sword":95,"minecraft:stone_pickaxe":118,"minecraft:oak_planks":1,"minecraft:spruce_planks":9,"minecraft:wooden_pickaxe":81,"minecraft:iron_sword":9,"minecraft:torch":12,"minecraft:dirt":3,"minecraft:crafting_table":11,"minecraft:white_bed":1,"tombstone:bag_of_seeds":1,"minecraft:spruce_boat":1,"minecraft:wooden_axe":27,"minecraft:chicken":2,"minecraft:iron_pickaxe":15,"minecraft:gravel":3,"minecraft:wooden_sword":75,"minecraft:fishing_rod":1,"minecraft:cobblestone":60,"minecraft:beef":8,"minecraft:sweet_berries":30,"minecraft:furnace":6,"minecraft:cooked_porkchop":1,"minecraft:andesite":4,"tombstone:gift":3,"minecraft:cooked_beef":5},"minecraft:custom":{"minecraft:interact_with_furnace":21,"minecraft:mob_kills":57,"minecraft:interact_with_crafting_table":15,"minecraft:leave_game":2,"minecraft:time_since_death":31747,"minecraft:sleep_in_bed":1,"minecraft:time_since_rest":10735,"minecraft:sprint_one_cm":281127,"minecraft:damage_taken":1531,"minecraft:walk_one_cm":156856,"minecraft:drop":16,"minecraft:damage_dealt":5420,"minecraft:swim_one_cm":103163,"minecraft:fly_one_cm":192002,"minecraft:open_chest":5,"minecraft:play_time":79556,"minecraft:crouch_one_cm":1868,"tombstone:undead_killed":14,"minecraft:deaths":2,"minecraft:sneak_time":472,"minecraft:walk_under_water_one_cm":26642,"minecraft:boat_one_cm":99646,"minecraft:jump":1174,"minecraft:walk_on_water_one_cm":23063,"minecraft:total_world_time":79556,"minecraft:fish_caught":1,"minecraft:fall_one_cm":24592},"minecraft:picked_up":{"minecraft:crafting_table":11,"minecraft:feather":1,"minecraft:chicken":2,"minecraft:andesite":6,"minecraft:salmon":18,"minecraft:leather":13,"minecraft:flint":3,"minecraft:oak_log":9,"minecraft:dirt":22,"minecraft:string":2,"minecraft:wooden_sword":1,"minecraft:bone":4,"minecraft:wheat_seeds":3,"minecraft:rabbit_hide":1,"minecraft:spruce_planks":40,"minecraft:beef":25,"tombstone:bag_of_seeds":1,"minecraft:rabbit":2,"minecraft:sugar_cane":4,"minecraft:chest":1,"minecraft:oak_planks":1,"minecraft:furnace":4,"minecraft:raw_iron":15,"minecraft:sweet_berries":32,"minecraft:torch":4,"minecraft:gravel":3,"minecraft:porkchop":2,"minecraft:arrow":2,"minecraft:spruce_sapling":1,"tombstone:grave_dust":4,"minecraft:spruce_log":17,"tombstone:tablet_of_cupidity":1,"minecraft:spider_eye":2,"minecraft:rabbit_foot":1,"minecraft:bundle":1,"minecraft:stone_sword":1,"minecraft:pumpkin_seeds":2,"minecraft:rotten_flesh":10,"minecraft:spruce_boat":1,"minecraft:granite":1,"minecraft:bone_meal":2,"tombstone:essence_of_undeath":1,"minecraft:mutton":6,"minecraft:cod":1,"minecraft:coal":90,"minecraft:white_wool":4,"minecraft:cobblestone":117},"minecraft:crafted":{"minecraft:cooked_beef":17,"minecraft:wooden_sword":2,"minecraft:oak_planks":36,"minecraft:fishing_rod":1,"minecraft:cooked_porkchop":5,"minecraft:crafting_table":2,"minecraft:spruce_planks":68,"minecraft:wooden_pickaxe":3,"minecraft:iron_sword":1,"minecraft:furnace":3,"minecraft:cooked_mutton":6,"minecraft:air":0,"minecraft:iron_pickaxe":1,"minecraft:stick":40,"minecraft:white_bed":1,"minecraft:iron_ingot":9,"minecraft:stone_pickaxe":2,"minecraft:wooden_axe":2,"minecraft:stone_sword":2,"minecraft:torch":40},"minecraft:killed":{"minecraft:pig":2,"minecraft:salmon":18,"minecraft:rabbit":2,"minecraft:spider":1,"minecraft:sheep":4,"minecraft:skeleton":4,"minecraft:zombie":9,"minecraft:chicken":2,"minecraft:drowned":1,"minecraft:cow":13},"minecraft:dropped":{"minecraft:stone_sword":1,"minecraft:cocoa_beans":1,"minecraft:pitcher_pod":1,"minecraft:pumpkin_seeds":4,"minecraft:stick":1,"minecraft:torch":2,"minecraft:spruce_planks":40,"minecraft:beetroot_seeds":3,"tombstone:grave_dust":2,"minecraft:spider_eye":2,"minecraft:bone_meal":2,"minecraft:spruce_sapling":1}},"DataVersion":3465}