{"stats":{"minecraft:killed":{"minecraft:cave_spider":5,"minecraft:witch":1,"minecraft:spider":4,"minecraft:skeleton":11,"minecraft:chicken":3,"minecraft:drowned":1,"minecraft:pig":2,"minecraft:salmon":29,"minecraft:rabbit":2,"minecraft:creeper":2,"minecraft:sheep":8,"minecraft:zombie":29,"minecraft:cow":13},"minecraft:used":{"minecraft:stone_sword":95,"minecraft:chest":2,"minecraft:spruce_planks":9,"minecraft:iron_sword":280,"minecraft:torch":30,"minecraft:dirt":3,"minecraft:spruce_boat":1,"minecraft:wooden_axe":36,"minecraft:beef":8,"minecraft:sweet_berries":30,"minecraft:furnace":6,"tombstone:gift":4,"minecraft:egg":1,"minecraft:cooked_beef":15,"minecraft:cobbled_deepslate":4,"minecraft:cooked_mutton":10,"minecraft:stone_pickaxe":118,"minecraft:oak_planks":5,"minecraft:wooden_pickaxe":81,"minecraft:golden_apple":1,"minecraft:crafting_table":11,"minecraft:white_bed":1,"tombstone:bag_of_seeds":1,"minecraft:chicken":2,"minecraft:bread":7,"minecraft:iron_pickaxe":153,"minecraft:gravel":3,"minecraft:fishing_rod":1,"minecraft:wooden_sword":75,"minecraft:cobblestone":84,"minecraft:cooked_porkchop":2,"minecraft:andesite":4},"minecraft:crafted":{"minecraft:wooden_sword":2,"minecraft:oak_planks":64,"minecraft:fishing_rod":1,"minecraft:furnace":3,"minecraft:cooked_mutton":10,"minecraft:stone_pickaxe":2,"minecraft:chest":2,"minecraft:cooked_beef":17,"minecraft:cooked_porkchop":6,"minecraft:crafting_table":2,"minecraft:spruce_planks":68,"minecraft:wooden_pickaxe":3,"minecraft:iron_sword":2,"minecraft:air":0,"minecraft:stick":40,"minecraft:iron_ingot":26,"minecraft:iron_pickaxe":1,"minecraft:wooden_axe":2,"minecraft:stone_sword":2,"minecraft:white_bed":1,"minecraft:torch":40},"minecraft:killed_by":{"minecraft:creeper":1,"minecraft:cave_spider":1,"minecraft:skeleton":6,"minecraft:zombie":3},"minecraft:broken":{"minecraft:wooden_pickaxe":1},"minecraft:custom":{"minecraft:mob_kills":112,"minecraft:interact_with_crafting_table":24,"minecraft:leave_game":2,"minecraft:time_since_death":10257,"minecraft:sprint_one_cm":611502,"minecraft:walk_one_cm":291099,"minecraft:drop":28,"minecraft:play_time":131811,"minecraft:deaths":11,"minecraft:sneak_time":585,"minecraft:walk_under_water_one_cm":35104,"minecraft:boat_one_cm":99646,"minecraft:jump":1996,"minecraft:walk_on_water_one_cm":41578,"minecraft:total_world_time":131811,"minecraft:interact_with_furnace":30,"tombstone:raider_killed":1,"minecraft:sleep_in_bed":4,"minecraft:time_since_rest":9939,"minecraft:damage_taken":5711,"minecraft:damage_dealt":13712,"minecraft:swim_one_cm":120731,"minecraft:fly_one_cm":305208,"minecraft:open_chest":30,"minecraft:crouch_one_cm":2080,"tombstone:undead_killed":41,"minecraft:fish_caught":1,"minecraft:fall_one_cm":43060},"minecraft:mined":{"minecraft:spruce_planks":1,"minecraft:deepslate_diamond_ore":2,"minecraft:granite":5,"minecraft:grass_block":7,"minecraft:spruce_leaves":11,"minecraft:spawner":6,"minecraft:large_fern":1,"minecraft:tall_seagrass":5,"minecraft:redstone_ore":1,"minecraft:furnace":4,"minecraft:iron_ore":56,"minecraft:cobbled_deepslate":1,"minecraft:andesite":6,"minecraft:deepslate_lapis_ore":4,"minecraft:deepslate_iron_ore":15,"minecraft:stone":138,"minecraft:podzol":1,"minecraft:deepslate_redstone_ore":1,"minecraft:crafting_table":11,"minecraft:torch":4,"minecraft:chest":1,"minecraft:tall_grass":12,"minecraft:cobblestone":9,"minecraft:lapis_ore":8,"minecraft:deepslate_gold_ore":2,"minecraft:sugar_cane":1,"minecraft:oak_planks":2,"minecraft:diorite":2,"minecraft:wall_torch":7,"minecraft:seagrass":4,"minecraft:sweet_berry_bush":16,"minecraft:spruce_log":17,"minecraft:grass":13,"minecraft:oak_log":16,"minecraft:coal_ore":61,"minecraft:gravel":3,"minecraft:dirt":17,"minecraft:cobweb":95,"minecraft:gold_ore":8,"minecraft:deepslate":15},"minecraft:dropped":{"minecraft:iron_sword":1,"minecraft:pitcher_pod":1,"minecraft:stick":1,"minecraft:dirt":7,"minecraft:torch":2,"tombstone:grave_dust":5,"minecraft:bone_meal":2,"minecraft:string":8,"minecraft:spruce_sapling":1,"minecraft:bone":2,"minecraft:sugar_cane":4,"minecraft:stone_sword":1,"minecraft:cobbled_deepslate":4,"minecraft:cocoa_beans":1,"minecraft:pointed_dripstone":2,"minecraft:pumpkin_seeds":4,"minecraft:spruce_planks":40,"minecraft:andesite":2,"minecraft:beetroot_seeds":3,"minecraft:spider_eye":3},"minecraft:picked_up":{"minecraft:crafting_table":11,"minecraft:chicken":3,"minecraft:string":100,"minecraft:raw_copper":1,"minecraft:wooden_sword":1,"minecraft:cobbled_deepslate":22,"minecraft:spruce_planks":40,"minecraft:beef":25,"minecraft:sugar_cane":4,"minecraft:chest":1,"minecraft:egg":1,"minecraft:furnace":4,"minecraft:raw_iron":71,"minecraft:oak_fence":1,"minecraft:torch":12,"minecraft:porkchop":2,"tombstone:grave_dust":7,"minecraft:pointed_dripstone":2,"minecraft:diorite":3,"minecraft:redstone":10,"tombstone:tablet_of_cupidity":1,"minecraft:rabbit_foot":1,"minecraft:arrow":11,"minecraft:stone_sword":1,"minecraft:rotten_flesh":36,"tombstone:essence_of_undeath":1,"minecraft:mutton":11,"minecraft:rail":1,"minecraft:cod":1,"minecraft:white_wool":8,"minecraft:cobblestone":146,"minecraft:feather":1,"minecraft:andesite":6,"minecraft:salmon":28,"minecraft:leather":13,"minecraft:flint":3,"minecraft:oak_log":16,"minecraft:gunpowder":4,"minecraft:lapis_lazuli":84,"minecraft:dirt":39,"minecraft:bone":10,"minecraft:wheat_seeds":5,"minecraft:raw_gold":10,"minecraft:rabbit_hide":1,"tombstone:bag_of_seeds":1,"minecraft:rabbit":2,"minecraft:iron_sword":1,"minecraft:oak_planks":31,"minecraft:sweet_berries":32,"minecraft:dripstone_block":1,"minecraft:gravel":3,"minecraft:spruce_sapling":1,"minecraft:spruce_log":17,"minecraft:spider_eye":4,"minecraft:bundle":1,"minecraft:pumpkin_seeds":2,"minecraft:diamond":2,"minecraft:spruce_boat":1,"minecraft:granite":5,"minecraft:bone_meal":2,"minecraft:coal":90}},"DataVersion":3465}