{"stats":{"minecraft:killed":{"minecraft:cave_spider":5,"minecraft:witch":1,"minecraft:spider":4,"minecraft:skeleton":13,"minecraft:chicken":3,"minecraft:drowned":1,"minecraft:pig":2,"minecraft:salmon":29,"minecraft:rabbit":2,"minecraft:creeper":3,"minecraft:sheep":8,"minecraft:zombie":37,"minecraft:cow":13},"minecraft:used":{"minecraft:stone_sword":95,"minecraft:chest":4,"minecraft:spruce_planks":9,"minecraft:iron_sword":348,"minecraft:cooked_salmon":10,"minecraft:torch":38,"minecraft:dirt":18,"minecraft:mutton":1,"minecraft:spruce_boat":1,"minecraft:wooden_axe":36,"minecraft:beef":8,"minecraft:sweet_berries":30,"minecraft:furnace":7,"tombstone:gift":6,"minecraft:egg":1,"minecraft:cooked_beef":17,"minecraft:cobbled_deepslate":61,"minecraft:cooked_mutton":10,"minecraft:stone_pickaxe":118,"minecraft:oak_planks":8,"minecraft:wooden_pickaxe":90,"minecraft:golden_apple":4,"minecraft:glow_berries":15,"minecraft:crafting_table":11,"minecraft:white_bed":2,"tombstone:bag_of_seeds":1,"minecraft:chicken":3,"minecraft:bread":9,"minecraft:iron_pickaxe":378,"minecraft:gravel":3,"minecraft:fishing_rod":1,"minecraft:wooden_sword":75,"minecraft:cobblestone":90,"minecraft:cooked_porkchop":2,"minecraft:andesite":4},"minecraft:crafted":{"minecraft:wooden_sword":2,"minecraft:oak_planks":64,"minecraft:fishing_rod":1,"minecraft:furnace":4,"minecraft:cooked_mutton":10,"minecraft:stone_pickaxe":2,"minecraft:chest":3,"minecraft:cooked_beef":17,"minecraft:cooked_porkchop":6,"minecraft:crafting_table":2,"minecraft:spruce_planks":68,"minecraft:wooden_pickaxe":3,"minecraft:iron_sword":3,"minecraft:cooked_salmon":10,"minecraft:air":0,"minecraft:stick":40,"minecraft:iron_ingot":71,"minecraft:iron_pickaxe":2,"minecraft:wooden_axe":2,"minecraft:stone_sword":2,"minecraft:white_bed":1,"minecraft:torch":40},"minecraft:killed_by":{"minecraft:creeper":2,"minecraft:cave_spider":1,"minecraft:skeleton":7,"minecraft:zombie":5},"minecraft:broken":{"minecraft:wooden_pickaxe":1},"minecraft:custom":{"minecraft:mob_kills":123,"minecraft:interact_with_crafting_table":27,"minecraft:leave_game":2,"minecraft:time_since_death":2953,"minecraft:sprint_one_cm":1004623,"minecraft:walk_one_cm":412155,"minecraft:drop":38,"minecraft:play_time":185811,"minecraft:deaths":17,"minecraft:sneak_time":698,"minecraft:walk_under_water_one_cm":35562,"minecraft:boat_one_cm":99646,"minecraft:jump":2962,"minecraft:walk_on_water_one_cm":48398,"minecraft:total_world_time":185811,"minecraft:interact_with_furnace":53,"tombstone:raider_killed":1,"minecraft:sleep_in_bed":5,"minecraft:time_since_rest":2741,"minecraft:damage_taken":8575,"minecraft:damage_absorbed":100,"minecraft:damage_dealt":16428,"minecraft:swim_one_cm":123668,"minecraft:fly_one_cm":407660,"minecraft:open_chest":56,"minecraft:crouch_one_cm":2350,"tombstone:undead_killed":51,"minecraft:fish_caught":1,"minecraft:fall_one_cm":78902},"minecraft:mined":{"minecraft:tuff":4,"minecraft:spruce_planks":1,"minecraft:deepslate_diamond_ore":24,"minecraft:granite":5,"minecraft:grass_block":7,"minecraft:spruce_leaves":11,"minecraft:spawner":8,"minecraft:large_fern":1,"minecraft:tall_seagrass":5,"minecraft:redstone_ore":1,"minecraft:furnace":4,"minecraft:iron_ore":60,"minecraft:cobbled_deepslate":6,"minecraft:andesite":6,"minecraft:deepslate_lapis_ore":4,"minecraft:cave_vines":1,"minecraft:deepslate_iron_ore":31,"minecraft:stone":139,"minecraft:podzol":1,"minecraft:deepslate_redstone_ore":2,"minecraft:crafting_table":11,"minecraft:torch":4,"minecraft:calcite":22,"minecraft:chest":1,"minecraft:tall_grass":12,"minecraft:cobblestone":9,"minecraft:lapis_ore":8,"minecraft:deepslate_gold_ore":4,"minecraft:sugar_cane":1,"minecraft:oak_planks":2,"minecraft:diorite":2,"minecraft:wall_torch":8,"minecraft:amethyst_block":7,"minecraft:seagrass":4,"minecraft:sweet_berry_bush":16,"minecraft:spruce_log":17,"minecraft:grass":13,"minecraft:oak_log":16,"minecraft:coal_ore":61,"minecraft:gravel":6,"minecraft:dripstone_block":22,"minecraft:dirt":17,"minecraft:cobweb":109,"minecraft:smooth_basalt":1,"minecraft:gold_ore":8,"minecraft:deepslate":137},"minecraft:dropped":{"minecraft:iron_sword":1,"minecraft:lapis_lazuli":64,"minecraft:dripstone_block":21,"minecraft:pitcher_pod":1,"minecraft:cobblestone":7,"minecraft:iron_horse_armor":1,"minecraft:flint":1,"minecraft:stick":1,"minecraft:dirt":9,"minecraft:torch":2,"tombstone:grave_dust":5,"minecraft:bone_meal":2,"minecraft:string":8,"minecraft:smooth_basalt":1,"minecraft:redstone":5,"minecraft:spruce_sapling":1,"minecraft:bone":2,"minecraft:sugar_cane":4,"minecraft:stone_sword":1,"minecraft:cobbled_deepslate":4,"minecraft:cocoa_beans":1,"minecraft:tuff":4,"minecraft:pointed_dripstone":2,"minecraft:rotten_flesh":3,"minecraft:pumpkin_seeds":4,"minecraft:spruce_planks":40,"minecraft:andesite":2,"minecraft:beetroot_seeds":3,"minecraft:spider_eye":3},"minecraft:picked_up":{"minecraft:crafting_table":11,"minecraft:chainmail_boots":1,"minecraft:chicken":3,"minecraft:wooden_pickaxe":1,"minecraft:enchanted_book":5,"tombstone:grave_key":1,"minecraft:amethyst_block":7,"minecraft:string":179,"minecraft:raw_copper":2,"minecraft:wooden_sword":2,"minecraft:cobbled_deepslate":164,"minecraft:spruce_planks":40,"minecraft:beef":25,"minecraft:calcite":21,"minecraft:sugar_cane":4,"minecraft:chest":2,"minecraft:egg":1,"minecraft:furnace":4,"minecraft:raw_iron":91,"minecraft:oak_fence":5,"minecraft:torch":16,"minecraft:porkchop":2,"tombstone:grave_dust":13,"minecraft:pointed_dripstone":2,"minecraft:diorite":7,"minecraft:redstone":15,"tombstone:tablet_of_cupidity":1,"minecraft:iron_horse_armor":1,"minecraft:rabbit_foot":1,"minecraft:arrow":22,"minecraft:stone_sword":2,"minecraft:rotten_flesh":64,"tombstone:essence_of_undeath":2,"minecraft:mutton":11,"minecraft:rail":4,"minecraft:cod":1,"minecraft:white_wool":13,"minecraft:cobblestone":159,"minecraft:feather":2,"minecraft:andesite":6,"minecraft:salmon":28,"minecraft:leather":26,"minecraft:flint":4,"minecraft:tuff":4,"minecraft:oak_log":16,"minecraft:gunpowder":6,"minecraft:lapis_lazuli":180,"minecraft:dirt":56,"minecraft:bone":14,"minecraft:wheat_seeds":10,"minecraft:raw_gold":16,"minecraft:rabbit_hide":1,"minecraft:iron_ingot":25,"minecraft:stone_pickaxe":1,"tombstone:bag_of_seeds":1,"minecraft:rabbit":2,"minecraft:iron_sword":2,"minecraft:oak_planks":47,"minecraft:smooth_basalt":1,"minecraft:music_disc_13":1,"minecraft:sweet_berries":32,"minecraft:dripstone_block":23,"minecraft:gravel":3,"minecraft:spruce_sapling":1,"minecraft:white_bed":1,"minecraft:spruce_log":17,"minecraft:spider_eye":5,"minecraft:bundle":1,"minecraft:pumpkin_seeds":2,"minecraft:diamond":28,"minecraft:spruce_boat":1,"minecraft:granite":6,"minecraft:bone_meal":2,"minecraft:golden_apple":2,"minecraft:golden_horse_armor":1,"minecraft:coal":90}},"DataVersion":3465}