{"stats":{"minecraft:killed":{"minecraft:cave_spider":4,"minecraft:witch":1,"minecraft:spider":3,"minecraft:skeleton":10,"minecraft:chicken":3,"minecraft:drowned":1,"minecraft:pig":2,"minecraft:salmon":29,"minecraft:rabbit":2,"minecraft:creeper":1,"minecraft:sheep":8,"minecraft:zombie":26,"minecraft:cow":13},"minecraft:used":{"minecraft:stone_sword":95,"minecraft:chest":2,"minecraft:spruce_planks":9,"minecraft:iron_sword":189,"minecraft:torch":26,"minecraft:dirt":3,"minecraft:spruce_boat":1,"minecraft:wooden_axe":36,"minecraft:beef":8,"minecraft:sweet_berries":30,"minecraft:furnace":6,"tombstone:gift":4,"minecraft:egg":1,"minecraft:cooked_beef":14,"minecraft:cobbled_deepslate":4,"minecraft:cooked_mutton":8,"minecraft:stone_pickaxe":118,"minecraft:oak_planks":5,"minecraft:wooden_pickaxe":81,"minecraft:golden_apple":1,"minecraft:crafting_table":11,"minecraft:white_bed":1,"tombstone:bag_of_seeds":1,"minecraft:chicken":2,"minecraft:bread":3,"minecraft:iron_pickaxe":84,"minecraft:gravel":3,"minecraft:fishing_rod":1,"minecraft:wooden_sword":75,"minecraft:cobblestone":80,"minecraft:cooked_porkchop":2,"minecraft:andesite":4},"minecraft:crafted":{"minecraft:wooden_sword":2,"minecraft:oak_planks":64,"minecraft:fishing_rod":1,"minecraft:furnace":3,"minecraft:cooked_mutton":10,"minecraft:stone_pickaxe":2,"minecraft:chest":2,"minecraft:cooked_beef":17,"minecraft:cooked_porkchop":6,"minecraft:crafting_table":2,"minecraft:spruce_planks":68,"minecraft:wooden_pickaxe":3,"minecraft:iron_sword":1,"minecraft:air":0,"minecraft:stick":40,"minecraft:iron_ingot":9,"minecraft:iron_pickaxe":1,"minecraft:wooden_axe":2,"minecraft:stone_sword":2,"minecraft:white_bed":1,"minecraft:torch":40},"minecraft:killed_by":{"minecraft:creeper":1,"minecraft:cave_spider":1,"minecraft:skeleton":5,"minecraft:zombie":3},"minecraft:broken":{"minecraft:wooden_pickaxe":1},"minecraft:custom":{"minecraft:mob_kills":104,"minecraft:interact_with_crafting_table":20,"minecraft:leave_game":2,"minecraft:time_since_death":12904,"minecraft:sprint_one_cm":507809,"minecraft:walk_one_cm":250184,"minecraft:drop":28,"minecraft:play_time":119811,"minecraft:deaths":10,"minecraft:sneak_time":580,"minecraft:walk_under_water_one_cm":34812,"minecraft:boat_one_cm":99646,"minecraft:jump":1844,"minecraft:walk_on_water_one_cm":40522,"minecraft:total_world_time":119811,"minecraft:interact_with_furnace":28,"tombstone:raider_killed":1,"minecraft:sleep_in_bed":4,"minecraft:time_since_rest":4962,"minecraft:damage_taken":5216,"minecraft:damage_dealt":12049,"minecraft:swim_one_cm":119765,"minecraft:fly_one_cm":291543,"minecraft:open_chest":27,"minecraft:crouch_one_cm":2074,"tombstone:undead_killed":37,"minecraft:fish_caught":1,"minecraft:fall_one_cm":39887},"minecraft:mined":{"minecraft:spruce_planks":1,"minecraft:deepslate_diamond_ore":2,"minecraft:granite":4,"minecraft:grass_block":7,"minecraft:spruce_leaves":11,"minecraft:spawner":4,"minecraft:large_fern":1,"minecraft:tall_seagrass":5,"minecraft:furnace":4,"minecraft:iron_ore":16,"minecraft:cobbled_deepslate":1,"minecraft:andesite":6,"minecraft:deepslate_lapis_ore":4,"minecraft:deepslate_iron_ore":11,"minecraft:stone":126,"minecraft:podzol":1,"minecraft:crafting_table":11,"minecraft:torch":4,"minecraft:chest":1,"minecraft:tall_grass":12,"minecraft:cobblestone":9,"minecraft:lapis_ore":8,"minecraft:deepslate_gold_ore":2,"minecraft:sugar_cane":1,"minecraft:oak_planks":2,"minecraft:diorite":1,"minecraft:wall_torch":6,"minecraft:seagrass":4,"minecraft:sweet_berry_bush":16,"minecraft:spruce_log":17,"minecraft:grass":13,"minecraft:oak_log":16,"minecraft:coal_ore":61,"minecraft:gravel":3,"minecraft:dirt":16,"minecraft:cobweb":37,"minecraft:gold_ore":3,"minecraft:deepslate":14},"minecraft:dropped":{"minecraft:iron_sword":1,"minecraft:pitcher_pod":1,"minecraft:stick":1,"minecraft:dirt":7,"minecraft:torch":2,"tombstone:grave_dust":5,"minecraft:bone_meal":2,"minecraft:string":8,"minecraft:spruce_sapling":1,"minecraft:bone":2,"minecraft:sugar_cane":4,"minecraft:stone_sword":1,"minecraft:cobbled_deepslate":4,"minecraft:cocoa_beans":1,"minecraft:pointed_dripstone":2,"minecraft:pumpkin_seeds":4,"minecraft:spruce_planks":40,"minecraft:andesite":2,"minecraft:beetroot_seeds":3,"minecraft:spider_eye":3},"minecraft:picked_up":{"minecraft:crafting_table":11,"minecraft:chicken":3,"minecraft:string":40,"minecraft:wooden_sword":1,"minecraft:cobbled_deepslate":15,"minecraft:spruce_planks":40,"minecraft:beef":25,"minecraft:sugar_cane":4,"minecraft:chest":1,"minecraft:egg":1,"minecraft:furnace":4,"minecraft:raw_iron":27,"minecraft:torch":11,"minecraft:porkchop":2,"tombstone:grave_dust":7,"minecraft:pointed_dripstone":2,"minecraft:diorite":1,"tombstone:tablet_of_cupidity":1,"minecraft:rabbit_foot":1,"minecraft:arrow":9,"minecraft:stone_sword":1,"minecraft:rotten_flesh":30,"tombstone:essence_of_undeath":1,"minecraft:mutton":11,"minecraft:cod":1,"minecraft:white_wool":8,"minecraft:cobblestone":132,"minecraft:feather":1,"minecraft:andesite":6,"minecraft:salmon":28,"minecraft:leather":13,"minecraft:flint":3,"minecraft:oak_log":16,"minecraft:gunpowder":2,"minecraft:lapis_lazuli":84,"minecraft:dirt":38,"minecraft:bone":10,"minecraft:wheat_seeds":5,"minecraft:raw_gold":5,"minecraft:rabbit_hide":1,"tombstone:bag_of_seeds":1,"minecraft:rabbit":2,"minecraft:iron_sword":1,"minecraft:oak_planks":30,"minecraft:sweet_berries":32,"minecraft:dripstone_block":1,"minecraft:gravel":3,"minecraft:spruce_sapling":1,"minecraft:spruce_log":17,"minecraft:spider_eye":3,"minecraft:bundle":1,"minecraft:pumpkin_seeds":2,"minecraft:diamond":2,"minecraft:spruce_boat":1,"minecraft:granite":4,"minecraft:bone_meal":2,"minecraft:coal":90}},"DataVersion":3465}