{"stats":{"minecraft:mined":{"minecraft:seagrass":1,"minecraft:furnace":2,"minecraft:iron_ore":1,"minecraft:sweet_berry_bush":16,"minecraft:spruce_log":17,"minecraft:crafting_table":5,"minecraft:grass":1,"minecraft:coal_ore":27,"minecraft:spruce_leaves":7,"minecraft:stone":17},"minecraft:used":{"minecraft:wooden_axe":18,"minecraft:stone_pickaxe":43,"minecraft:spruce_planks":8,"minecraft:wooden_pickaxe":4,"minecraft:wooden_sword":44,"minecraft:cobblestone":2,"minecraft:sweet_berries":10,"minecraft:crafting_table":3,"minecraft:furnace":2},"minecraft:custom":{"minecraft:time_since_rest":16434,"minecraft:sprint_one_cm":45579,"minecraft:interact_with_furnace":3,"minecraft:damage_taken":110,"minecraft:walk_one_cm":43332,"minecraft:mob_kills":15,"minecraft:damage_dealt":618,"minecraft:swim_one_cm":13852,"minecraft:interact_with_crafting_table":3,"minecraft:fly_one_cm":19919,"minecraft:crouch_one_cm":924,"minecraft:play_time":16434,"tombstone:undead_killed":1,"minecraft:sneak_time":215,"minecraft:walk_under_water_one_cm":13569,"minecraft:boat_one_cm":3866,"minecraft:jump":201,"minecraft:leave_game":1,"minecraft:walk_on_water_one_cm":5033,"minecraft:time_since_death":16434,"minecraft:total_world_time":16434,"minecraft:fall_one_cm":5701},"minecraft:crafted":{"minecraft:wooden_sword":1,"minecraft:crafting_table":1,"minecraft:spruce_planks":68,"minecraft:stick":8,"minecraft:wooden_pickaxe":1,"minecraft:iron_ingot":1,"minecraft:stone_pickaxe":1,"minecraft:wooden_axe":1,"minecraft:furnace":1,"minecraft:torch":4},"minecraft:picked_up":{"minecraft:crafting_table":4,"minecraft:raw_iron":1,"minecraft:sweet_berries":31,"minecraft:salmon":12,"minecraft:spruce_sapling":1,"minecraft:spruce_log":17,"minecraft:rabbit_foot":1,"minecraft:rotten_flesh":2,"minecraft:rabbit_hide":1,"minecraft:bone_meal":1,"minecraft:rabbit":2,"minecraft:coal":43,"minecraft:cobblestone":14,"minecraft:furnace":2},"minecraft:killed":{"minecraft:salmon":12,"minecraft:rabbit":2,"minecraft:drowned":1}},"DataVersion":3465}