{"stats":{"minecraft:killed":{"minecraft:cave_spider":5,"minecraft:witch":1,"minecraft:spider":7,"minecraft:skeleton":23,"minecraft:chicken":4,"minecraft:drowned":1,"minecraft:pig":3,"minecraft:salmon":47,"minecraft:rabbit":2,"minecraft:creeper":5,"minecraft:sheep":8,"minecraft:zombie":55,"minecraft:cow":13},"minecraft:used":{"minecraft:stone_sword":95,"minecraft:chest":5,"minecraft:spruce_planks":9,"minecraft:iron_sword":521,"minecraft:cooked_salmon":25,"minecraft:torch":51,"minecraft:dirt":18,"minecraft:mutton":1,"minecraft:spruce_boat":1,"minecraft:wooden_axe":36,"minecraft:beef":8,"minecraft:sweet_berries":30,"minecraft:furnace":7,"minecraft:cooked_cod":1,"tombstone:gift":6,"minecraft:egg":1,"minecraft:cooked_beef":17,"minecraft:cobbled_deepslate":142,"minecraft:cooked_mutton":10,"minecraft:stone_pickaxe":118,"minecraft:oak_planks":13,"minecraft:wooden_pickaxe":118,"minecraft:golden_apple":4,"minecraft:glow_berries":15,"minecraft:crafting_table":11,"minecraft:white_bed":2,"tombstone:bag_of_seeds":1,"minecraft:chicken":4,"minecraft:bread":9,"minecraft:iron_pickaxe":430,"minecraft:gravel":3,"minecraft:fishing_rod":8,"minecraft:wooden_sword":75,"minecraft:cobblestone":90,"minecraft:cooked_porkchop":4,"minecraft:andesite":4},"minecraft:crafted":{"minecraft:wooden_sword":3,"minecraft:oak_planks":92,"minecraft:fishing_rod":2,"minecraft:furnace":4,"minecraft:stone":8,"minecraft:cooked_mutton":10,"minecraft:iron_boots":1,"minecraft:stone_pickaxe":2,"minecraft:chest":4,"minecraft:cooked_beef":17,"minecraft:cooked_cod":1,"minecraft:cooked_porkchop":8,"minecraft:crafting_table":2,"minecraft:spruce_planks":68,"minecraft:wooden_pickaxe":5,"minecraft:iron_helmet":1,"tombstone:decorative_grave_simple":2,"minecraft:iron_sword":4,"minecraft:cooked_salmon":26,"minecraft:air":0,"minecraft:iron_chestplate":1,"minecraft:stick":60,"minecraft:iron_ingot":91,"minecraft:iron_pickaxe":2,"tombstone:dark_marble":8,"minecraft:wooden_axe":2,"minecraft:stone_sword":2,"minecraft:iron_leggings":1,"minecraft:white_bed":1,"minecraft:torch":40},"minecraft:killed_by":{"minecraft:creeper":5,"minecraft:cave_spider":1,"minecraft:skeleton":13,"minecraft:zombie":7},"minecraft:broken":{"minecraft:wooden_pickaxe":1},"minecraft:custom":{"minecraft:mob_kills":176,"minecraft:interact_with_crafting_table":50,"minecraft:leave_game":2,"minecraft:time_since_death":1428,"minecraft:sprint_one_cm":1366985,"minecraft:walk_one_cm":590365,"minecraft:drop":39,"minecraft:play_time":269811,"minecraft:deaths":28,"minecraft:sneak_time":724,"minecraft:walk_under_water_one_cm":43104,"minecraft:boat_one_cm":99646,"minecraft:jump":4621,"minecraft:walk_on_water_one_cm":61986,"minecraft:total_world_time":269811,"minecraft:interact_with_furnace":76,"tombstone:raider_killed":1,"minecraft:sleep_in_bed":5,"minecraft:time_since_rest":1,"minecraft:damage_taken":12648,"minecraft:damage_absorbed":100,"minecraft:damage_dealt":23830,"tombstone:cast_on_ally":0,"minecraft:swim_one_cm":160829,"minecraft:fly_one_cm":660662,"minecraft:open_chest":107,"minecraft:crouch_one_cm":2406,"tombstone:undead_killed":79,"minecraft:fish_caught":3,"minecraft:fall_one_cm":118446},"minecraft:mined":{"minecraft:tuff":4,"minecraft:spruce_planks":1,"minecraft:deepslate_diamond_ore":25,"minecraft:granite":5,"minecraft:grass_block":7,"minecraft:spruce_leaves":11,"minecraft:spawner":9,"minecraft:large_fern":1,"minecraft:tall_seagrass":5,"minecraft:redstone_ore":1,"minecraft:furnace":4,"minecraft:iron_ore":60,"minecraft:cobbled_deepslate":19,"minecraft:andesite":6,"minecraft:deepslate_lapis_ore":4,"minecraft:cave_vines":1,"minecraft:deepslate_iron_ore":32,"minecraft:stone":162,"minecraft:podzol":1,"minecraft:deepslate_redstone_ore":2,"minecraft:crafting_table":11,"minecraft:torch":5,"minecraft:calcite":22,"minecraft:chest":1,"minecraft:tall_grass":17,"minecraft:cobblestone":9,"minecraft:lapis_ore":8,"minecraft:deepslate_gold_ore":4,"minecraft:sugar_cane":1,"minecraft:oak_planks":2,"minecraft:diorite":2,"minecraft:wall_torch":12,"minecraft:amethyst_block":7,"minecraft:seagrass":5,"minecraft:sweet_berry_bush":16,"minecraft:spruce_log":17,"minecraft:grass":26,"minecraft:oak_log":23,"minecraft:coal_ore":61,"minecraft:gravel":6,"minecraft:dripstone_block":22,"minecraft:dirt":18,"minecraft:cobweb":110,"minecraft:smooth_basalt":1,"minecraft:gold_ore":8,"minecraft:deepslate":175},"minecraft:dropped":{"minecraft:iron_sword":1,"minecraft:lapis_lazuli":64,"minecraft:dripstone_block":21,"minecraft:pitcher_pod":1,"minecraft:cobblestone":7,"minecraft:iron_horse_armor":1,"minecraft:flint":1,"minecraft:stick":1,"minecraft:dirt":9,"minecraft:torch":2,"tombstone:grave_dust":5,"minecraft:bone_meal":2,"minecraft:string":8,"minecraft:smooth_basalt":1,"minecraft:redstone":5,"minecraft:spruce_sapling":1,"minecraft:bone":2,"minecraft:sugar_cane":4,"minecraft:stone_sword":1,"minecraft:cobbled_deepslate":4,"minecraft:cocoa_beans":1,"minecraft:tuff":4,"minecraft:pointed_dripstone":2,"minecraft:rotten_flesh":3,"minecraft:pumpkin_seeds":4,"minecraft:spruce_planks":40,"minecraft:andesite":2,"minecraft:beetroot_seeds":3,"minecraft:spider_eye":3,"minecraft:stone_pickaxe":1},"minecraft:picked_up":{"minecraft:crafting_table":11,"minecraft:chainmail_boots":1,"minecraft:chicken":4,"minecraft:wooden_pickaxe":1,"minecraft:enchanted_book":5,"tombstone:grave_key":1,"minecraft:amethyst_block":7,"minecraft:string":181,"minecraft:raw_copper":2,"minecraft:wooden_sword":2,"minecraft:pufferfish":1,"minecraft:cobbled_deepslate":210,"minecraft:spruce_planks":40,"minecraft:beef":25,"minecraft:calcite":21,"minecraft:sugar_cane":4,"minecraft:chest":2,"minecraft:egg":1,"minecraft:furnace":4,"minecraft:raw_iron":92,"minecraft:oak_fence":5,"minecraft:torch":21,"minecraft:porkchop":4,"tombstone:grave_dust":17,"minecraft:pointed_dripstone":2,"minecraft:diorite":7,"minecraft:redstone":15,"tombstone:tablet_of_cupidity":1,"minecraft:iron_horse_armor":1,"minecraft:rabbit_foot":1,"minecraft:arrow":30,"minecraft:stone_sword":2,"minecraft:rotten_flesh":82,"tombstone:essence_of_undeath":3,"minecraft:mutton":11,"minecraft:rail":4,"minecraft:cod":2,"minecraft:white_wool":13,"minecraft:cobblestone":179,"minecraft:feather":4,"minecraft:tripwire_hook":1,"minecraft:andesite":6,"minecraft:salmon":44,"minecraft:leather":26,"minecraft:flint":4,"minecraft:tuff":4,"minecraft:oak_log":23,"minecraft:gunpowder":7,"minecraft:lapis_lazuli":180,"minecraft:dirt":57,"minecraft:leather_boots":1,"minecraft:bone":22,"minecraft:wheat_seeds":13,"minecraft:raw_gold":16,"minecraft:rabbit_hide":1,"minecraft:iron_ingot":26,"minecraft:stone_pickaxe":2,"tombstone:bag_of_seeds":1,"minecraft:rabbit":2,"minecraft:iron_sword":2,"minecraft:oak_planks":47,"minecraft:smooth_basalt":1,"minecraft:music_disc_13":1,"minecraft:sweet_berries":32,"minecraft:dandelion":1,"minecraft:dripstone_block":23,"minecraft:gravel":3,"minecraft:spruce_sapling":1,"minecraft:white_bed":1,"minecraft:spruce_log":17,"minecraft:spider_eye":8,"minecraft:bundle":3,"minecraft:pumpkin_seeds":2,"minecraft:diamond":29,"minecraft:spruce_boat":1,"minecraft:granite":6,"minecraft:bone_meal":2,"minecraft:golden_apple":2,"minecraft:golden_horse_armor":1,"minecraft:coal":105}},"DataVersion":3465}