{"stats":{"minecraft:killed":{"minecraft:cave_spider":5,"minecraft:witch":1,"minecraft:spider":13,"minecraft:skeleton":28,"minecraft:chicken":4,"minecraft:pig":6,"minecraft:salmon":66,"minecraft:creeper":6,"minecraft:sheep":12,"minecraft:zombie":75,"minecraft:cow":14,"minecraft:drowned":1,"minecraft:warden":2,"minecraft:rabbit":2,"minecraft:enderman":1},"minecraft:used":{"minecraft:chest":7,"minecraft:stone":10,"minecraft:iron_sword":869,"minecraft:rotten_flesh":5,"minecraft:mutton":1,"minecraft:obsidian":18,"minecraft:spruce_boat":1,"tombstone:decorative_grave_simple":3,"minecraft:sweet_berries":30,"minecraft:furnace":8,"minecraft:oak_sapling":1,"minecraft:cooked_cod":1,"minecraft:egg":1,"minecraft:diorite":6,"minecraft:oak_planks":13,"minecraft:stone_pickaxe":118,"minecraft:wooden_pickaxe":118,"minecraft:clay":1,"minecraft:golden_apple":4,"minecraft:glow_berries":15,"minecraft:bread":11,"tombstone:grave_key":31,"minecraft:gravel":40,"minecraft:wooden_sword":75,"minecraft:andesite":9,"minecraft:stone_sword":95,"minecraft:flint_and_steel":12,"minecraft:stone_shovel":52,"minecraft:spruce_planks":9,"minecraft:cooked_salmon":45,"minecraft:torch":91,"minecraft:dirt":18,"minecraft:golden_shovel":18,"minecraft:wooden_axe":36,"tombstone:ankh_of_pray":48,"minecraft:golden_carrot":2,"minecraft:beef":8,"tombstone:gift":7,"minecraft:cooked_beef":17,"minecraft:cobbled_deepslate":151,"minecraft:cooked_mutton":10,"minecraft:deepslate_bricks":1,"minecraft:crafting_table":11,"minecraft:white_bed":4,"tombstone:bag_of_seeds":1,"minecraft:diamond_pickaxe":235,"minecraft:chicken":4,"minecraft:iron_pickaxe":430,"minecraft:fishing_rod":8,"minecraft:cobblestone":105,"minecraft:cooked_porkchop":8,"minecraft:porkchop":2,"minecraft:yellow_bed":1},"minecraft:crafted":{"minecraft:oak_planks":112,"minecraft:stone":20,"minecraft:cooked_mutton":10,"minecraft:iron_boots":1,"minecraft:chest":6,"minecraft:cooked_porkchop":12,"minecraft:crafting_table":2,"minecraft:spruce_planks":68,"minecraft:wooden_pickaxe":5,"minecraft:iron_helmet":1,"tombstone:decorative_grave_simple":3,"minecraft:iron_chestplate":1,"minecraft:diamond_pickaxe":1,"minecraft:stick":60,"minecraft:iron_ingot":91,"minecraft:iron_pickaxe":2,"minecraft:stone_sword":2,"minecraft:gold_ingot":3,"minecraft:wooden_sword":3,"minecraft:stone_shovel":1,"minecraft:fishing_rod":2,"minecraft:furnace":5,"minecraft:flint_and_steel":2,"minecraft:stone_pickaxe":2,"minecraft:cooked_beef":17,"minecraft:cooked_cod":1,"minecraft:iron_sword":5,"minecraft:cooked_salmon":45,"tombstone:ankh_of_pray":1,"minecraft:air":0,"tombstone:dark_marble":10,"minecraft:wooden_axe":2,"minecraft:iron_leggings":1,"minecraft:white_bed":2,"minecraft:torch":40},"minecraft:killed_by":{"minecraft:creeper":7,"minecraft:piglin":1,"minecraft:cave_spider":1,"minecraft:zombie":8,"minecraft:player":1,"minecraft:warden":40,"minecraft:skeleton":14},"minecraft:broken":{"minecraft:iron_boots":1,"minecraft:iron_chestplate":1,"minecraft:iron_leggings":1,"minecraft:wooden_pickaxe":1,"minecraft:iron_helmet":1},"minecraft:custom":{"minecraft:interact_with_crafting_table":75,"minecraft:leave_game":3,"minecraft:time_since_death":26407,"minecraft:sprint_one_cm":2133742,"minecraft:drop":95,"minecraft:play_noteblock":3,"minecraft:play_time":447909,"minecraft:deaths":75,"tombstone:tomb_raiding":1,"minecraft:jump":7794,"minecraft:walk_on_water_one_cm":111587,"minecraft:interact_with_furnace":90,"minecraft:sleep_in_bed":10,"minecraft:damage_dealt":38721,"minecraft:player_kills":4,"minecraft:crouch_one_cm":10345,"tombstone:undead_killed":104,"minecraft:interact_with_smoker":1,"minecraft:mob_kills":238,"minecraft:climb_one_cm":4666,"minecraft:walk_one_cm":982976,"minecraft:sneak_time":2709,"minecraft:walk_under_water_one_cm":98041,"minecraft:boat_one_cm":99646,"minecraft:interact_with_blast_furnace":1,"minecraft:total_world_time":447909,"tombstone:raider_killed":1,"tombstone:pray_on_grave":1,"minecraft:time_since_rest":25493,"minecraft:damage_taken":32945,"minecraft:damage_absorbed":100,"tombstone:cast_on_ally":0,"minecraft:swim_one_cm":350654,"minecraft:fly_one_cm":1216512,"minecraft:open_chest":234,"minecraft:fish_caught":3,"minecraft:fall_one_cm":208987},"minecraft:mined":{"minecraft:spruce_planks":1,"minecraft:cobbled_deepslate_stairs":1,"minecraft:sculk_vein":8,"minecraft:obsidian":22,"minecraft:cave_vines_plant":2,"minecraft:granite":11,"minecraft:budding_amethyst":1,"minecraft:grass_block":13,"minecraft:deepslate_bricks":1,"minecraft:blue_wool":1,"minecraft:spawner":9,"minecraft:tall_seagrass":6,"minecraft:glowstone":9,"minecraft:sculk_catalyst":1,"minecraft:cobbled_deepslate":28,"minecraft:iron_ore":60,"minecraft:fire":11,"minecraft:deepslate_lapis_ore":4,"minecraft:fletching_table":1,"minecraft:cave_vines":1,"minecraft:small_amethyst_bud":1,"minecraft:deepslate_redstone_ore":2,"minecraft:kelp_plant":1,"minecraft:soul_fire":1,"minecraft:amethyst_cluster":1,"minecraft:soul_lantern":1,"minecraft:note_block":2,"minecraft:clay":1,"minecraft:torch":14,"minecraft:calcite":22,"minecraft:chest":1,"minecraft:cobblestone":10,"minecraft:white_candle":6,"minecraft:oak_planks":5,"minecraft:sugar_cane":1,"minecraft:wall_torch":16,"minecraft:amethyst_block":11,"minecraft:skeleton_skull":1,"minecraft:seagrass":5,"minecraft:cyan_wool":1,"minecraft:grass":49,"minecraft:cracked_deepslate_tiles":1,"minecraft:oak_log":28,"minecraft:dirt":25,"minecraft:sand":1,"tombstone:decorative_grave_simple":1,"minecraft:smooth_basalt":1,"minecraft:netherrack":5,"minecraft:oak_leaves":6,"minecraft:deepslate":189,"minecraft:nether_gold_ore":8,"minecraft:deepslate_tiles":3,"minecraft:crying_obsidian":1,"minecraft:tuff":4,"minecraft:deepslate_diamond_ore":28,"minecraft:glow_lichen":1,"minecraft:spruce_leaves":11,"minecraft:large_fern":1,"minecraft:redstone_ore":1,"minecraft:furnace":4,"minecraft:andesite":19,"minecraft:gold_block":1,"minecraft:deepslate_iron_ore":32,"minecraft:packed_ice":4,"minecraft:stone":201,"minecraft:podzol":1,"minecraft:crafting_table":11,"minecraft:sculk_sensor":6,"minecraft:tall_grass":26,"minecraft:deepslate_gold_ore":5,"minecraft:lapis_ore":8,"minecraft:sculk":17,"minecraft:diorite":8,"minecraft:gray_wool":1,"minecraft:sweet_berry_bush":17,"minecraft:spruce_log":17,"minecraft:yellow_bed":1,"minecraft:coal_ore":90,"minecraft:dripstone_block":22,"minecraft:gravel":54,"minecraft:cobweb":110,"minecraft:gold_ore":8},"minecraft:dropped":{"minecraft:iron_sword":4,"minecraft:moss_block":1,"minecraft:diamond_axe":1,"minecraft:lapis_lazuli":64,"minecraft:pitcher_pod":1,"minecraft:iron_horse_armor":1,"minecraft:flint":1,"minecraft:dirt":9,"minecraft:cracked_deepslate_tiles":1,"minecraft:amethyst_shard":8,"minecraft:bone_meal":3,"minecraft:iron_pickaxe":1,"minecraft:bone":2,"minecraft:gravel":1,"minecraft:sugar_cane":4,"minecraft:iron_nugget":32,"minecraft:cobbled_deepslate":12,"minecraft:pointed_dripstone":2,"minecraft:rotten_flesh":131,"minecraft:deepslate_tiles":2,"minecraft:gunpowder":6,"minecraft:beetroot_seeds":3,"minecraft:iron_ingot":64,"minecraft:wheat_seeds":1,"minecraft:cobbled_deepslate_stairs":1,"minecraft:dripstone_block":22,"minecraft:cobblestone":7,"minecraft:amethyst_block":9,"minecraft:tropical_fish":1,"tombstone:ankh_of_pray":1,"minecraft:stick":1,"minecraft:pufferfish":2,"minecraft:torch":3,"tombstone:grave_dust":5,"minecraft:iron_shovel":1,"minecraft:string":8,"minecraft:bucket":1,"tombstone:decorative_grave_simple":2,"minecraft:spruce_sapling":1,"minecraft:dandelion":2,"minecraft:smooth_basalt":1,"minecraft:redstone":5,"minecraft:kelp":1,"minecraft:stone_sword":1,"minecraft:cocoa_beans":1,"minecraft:tuff":4,"minecraft:pumpkin_seeds":4,"minecraft:spruce_planks":40,"minecraft:diamond_pickaxe":3,"minecraft:andesite":2,"minecraft:spider_eye":15,"minecraft:bow":1,"minecraft:stone_pickaxe":1},"minecraft:picked_up":{"minecraft:wooden_axe":1,"minecraft:chainmail_boots":1,"minecraft:enchanted_book":13,"tombstone:grave_key":2,"minecraft:amethyst_block":22,"minecraft:string":277,"minecraft:raw_copper":3,"minecraft:pufferfish":4,"minecraft:deepslate_tiles":2,"minecraft:gold_nugget":33,"minecraft:cobbled_deepslate":279,"minecraft:bucket":1,"minecraft:spruce_planks":40,"minecraft:calcite":42,"minecraft:iron_pickaxe":2,"minecraft:furnace":4,"minecraft:blue_wool":1,"minecraft:stick":2,"minecraft:oak_fence":10,"minecraft:torch":37,"minecraft:porkchop":10,"minecraft:pointed_dripstone":2,"tombstone:grave_dust":20,"minecraft:diorite":17,"tombstone:tablet_of_cupidity":1,"minecraft:rabbit_foot":1,"minecraft:stone_sword":2,"minecraft:rotten_flesh":142,"minecraft:tropical_fish":1,"minecraft:obsidian":22,"minecraft:cod":2,"minecraft:cobblestone":223,"minecraft:feather":7,"minecraft:andesite":25,"minecraft:flint":6,"minecraft:tuff":4,"minecraft:dirt":64,"minecraft:lapis_lazuli":264,"minecraft:name_tag":4,"minecraft:leather_boots":1,"minecraft:bone":39,"minecraft:wheat_seeds":25,"minecraft:raw_gold":29,"minecraft:fletching_table":1,"minecraft:rabbit":2,"minecraft:glowstone_dust":27,"minecraft:oak_planks":50,"minecraft:music_disc_13":2,"minecraft:grass_block":5,"minecraft:bundle":5,"minecraft:white_candle":12,"minecraft:clay":1,"minecraft:diamond":56,"minecraft:spruce_boat":1,"minecraft:soul_lantern":1,"minecraft:granite":13,"minecraft:bone_meal":5,"minecraft:golden_apple":2,"minecraft:golden_horse_armor":2,"minecraft:bread":23,"minecraft:oak_sapling":1,"minecraft:netherrack":4,"minecraft:diamond_pickaxe":3,"minecraft:crafting_table":11,"minecraft:chicken":4,"minecraft:wooden_pickaxe":1,"minecraft:gold_block":1,"minecraft:wooden_sword":3,"minecraft:iron_shovel":1,"minecraft:beef":28,"minecraft:cyan_wool":1,"minecraft:iron_nugget":32,"minecraft:sugar_cane":4,"minecraft:chest":2,"minecraft:egg":1,"tombstone:ankh_of_pray":1,"minecraft:raw_iron":92,"minecraft:note_block":2,"minecraft:redstone":15,"minecraft:iron_horse_armor":1,"minecraft:arrow":54,"minecraft:deepslate_bricks":1,"tombstone:essence_of_undeath":4,"minecraft:skeleton_skull":1,"minecraft:white_wool":21,"minecraft:mutton":16,"minecraft:rail":7,"minecraft:cracked_deepslate_tiles":1,"minecraft:tripwire_hook":2,"minecraft:salmon":63,"minecraft:leather":39,"minecraft:oak_log":28,"minecraft:cobbled_deepslate_stairs":1,"minecraft:yellow_bed":1,"minecraft:gunpowder":13,"minecraft:kelp":1,"minecraft:rabbit_hide":1,"minecraft:iron_ingot":118,"minecraft:stone_pickaxe":2,"tombstone:bag_of_seeds":1,"minecraft:iron_sword":3,"minecraft:sculk_catalyst":3,"minecraft:smooth_basalt":1,"minecraft:sweet_berries":32,"minecraft:dandelion":4,"minecraft:dripstone_block":25,"minecraft:gravel":46,"minecraft:amethyst_shard":8,"minecraft:spruce_sapling":1,"tombstone:decorative_grave_simple":4,"minecraft:white_bed":2,"minecraft:spruce_log":17,"minecraft:crying_obsidian":1,"minecraft:spider_eye":19,"minecraft:pumpkin_seeds":2,"minecraft:diamond_axe":2,"minecraft:gray_wool":1,"minecraft:black_wool":1,"minecraft:coal":135}},"DataVersion":3465}