{"stats":{"minecraft:killed":{"minecraft:cave_spider":5,"minecraft:witch":1,"minecraft:spider":13,"minecraft:skeleton":28,"minecraft:chicken":4,"minecraft:drowned":1,"minecraft:warden":2,"minecraft:pig":6,"minecraft:salmon":66,"minecraft:rabbit":2,"minecraft:creeper":6,"minecraft:sheep":12,"minecraft:zombie":75,"minecraft:enderman":1,"minecraft:cow":14},"minecraft:used":{"minecraft:stone_sword":95,"minecraft:flint_and_steel":12,"minecraft:stone_shovel":52,"minecraft:chest":7,"minecraft:spruce_planks":9,"minecraft:stone":10,"minecraft:iron_sword":868,"minecraft:cooked_salmon":45,"minecraft:rotten_flesh":5,"minecraft:torch":88,"minecraft:dirt":18,"minecraft:mutton":1,"minecraft:golden_shovel":18,"minecraft:obsidian":18,"minecraft:spruce_boat":1,"minecraft:wooden_axe":36,"tombstone:decorative_grave_simple":3,"tombstone:ankh_of_pray":48,"minecraft:golden_carrot":2,"minecraft:beef":8,"minecraft:sweet_berries":30,"minecraft:oak_sapling":1,"minecraft:furnace":8,"minecraft:cooked_cod":1,"tombstone:gift":7,"minecraft:egg":1,"minecraft:cooked_beef":17,"minecraft:cobbled_deepslate":151,"minecraft:cooked_mutton":10,"minecraft:diorite":6,"minecraft:stone_pickaxe":118,"minecraft:oak_planks":13,"minecraft:wooden_pickaxe":118,"minecraft:clay":1,"minecraft:deepslate_bricks":1,"minecraft:golden_apple":4,"minecraft:glow_berries":15,"minecraft:crafting_table":11,"minecraft:white_bed":4,"tombstone:bag_of_seeds":1,"minecraft:diamond_pickaxe":187,"minecraft:chicken":4,"minecraft:bread":11,"minecraft:iron_pickaxe":430,"tombstone:grave_key":31,"minecraft:gravel":40,"minecraft:fishing_rod":8,"minecraft:wooden_sword":75,"minecraft:cobblestone":105,"minecraft:porkchop":2,"minecraft:cooked_porkchop":8,"minecraft:andesite":9,"minecraft:yellow_bed":1},"minecraft:crafted":{"minecraft:wooden_sword":3,"minecraft:oak_planks":112,"minecraft:stone_shovel":1,"minecraft:fishing_rod":2,"minecraft:furnace":5,"minecraft:stone":20,"minecraft:flint_and_steel":2,"minecraft:cooked_mutton":10,"minecraft:iron_boots":1,"minecraft:stone_pickaxe":2,"minecraft:chest":6,"minecraft:cooked_beef":17,"minecraft:cooked_cod":1,"minecraft:cooked_porkchop":12,"minecraft:crafting_table":2,"minecraft:spruce_planks":68,"minecraft:wooden_pickaxe":5,"minecraft:iron_helmet":1,"tombstone:decorative_grave_simple":3,"minecraft:iron_sword":5,"minecraft:cooked_salmon":45,"tombstone:ankh_of_pray":1,"minecraft:air":0,"minecraft:iron_chestplate":1,"minecraft:diamond_pickaxe":1,"minecraft:stick":60,"minecraft:iron_ingot":91,"minecraft:iron_pickaxe":2,"tombstone:dark_marble":10,"minecraft:wooden_axe":2,"minecraft:stone_sword":2,"minecraft:gold_ingot":3,"minecraft:iron_leggings":1,"minecraft:white_bed":2,"minecraft:torch":40},"minecraft:killed_by":{"minecraft:player":1,"minecraft:creeper":7,"minecraft:warden":40,"minecraft:piglin":1,"minecraft:cave_spider":1,"minecraft:skeleton":14,"minecraft:zombie":8},"minecraft:broken":{"minecraft:iron_boots":1,"minecraft:iron_chestplate":1,"minecraft:iron_leggings":1,"minecraft:wooden_pickaxe":1,"minecraft:iron_helmet":1},"minecraft:custom":{"minecraft:mob_kills":238,"minecraft:interact_with_crafting_table":75,"minecraft:leave_game":2,"minecraft:time_since_death":10309,"minecraft:climb_one_cm":1728,"minecraft:sprint_one_cm":1960884,"minecraft:walk_one_cm":951410,"minecraft:drop":83,"minecraft:play_time":431811,"minecraft:deaths":75,"minecraft:sneak_time":2703,"minecraft:walk_under_water_one_cm":98041,"tombstone:tomb_raiding":1,"minecraft:boat_one_cm":99646,"minecraft:jump":7342,"minecraft:interact_with_blast_furnace":1,"minecraft:walk_on_water_one_cm":111587,"minecraft:total_world_time":431811,"minecraft:interact_with_furnace":90,"tombstone:raider_killed":1,"minecraft:sleep_in_bed":10,"tombstone:pray_on_grave":1,"minecraft:time_since_rest":9395,"minecraft:damage_taken":32641,"minecraft:damage_absorbed":100,"minecraft:damage_dealt":38664,"tombstone:cast_on_ally":0,"minecraft:player_kills":4,"minecraft:swim_one_cm":350654,"minecraft:fly_one_cm":1127070,"minecraft:open_chest":232,"minecraft:crouch_one_cm":10289,"tombstone:undead_killed":104,"minecraft:interact_with_smoker":1,"minecraft:fish_caught":3,"minecraft:fall_one_cm":192467},"minecraft:mined":{"minecraft:nether_gold_ore":8,"minecraft:deepslate_tiles":3,"minecraft:crying_obsidian":1,"minecraft:tuff":4,"minecraft:spruce_planks":1,"minecraft:deepslate_diamond_ore":28,"minecraft:sculk_vein":2,"minecraft:obsidian":22,"minecraft:glow_lichen":1,"minecraft:cave_vines_plant":2,"minecraft:granite":11,"minecraft:grass_block":13,"minecraft:deepslate_bricks":1,"minecraft:spruce_leaves":11,"minecraft:spawner":9,"minecraft:large_fern":1,"minecraft:tall_seagrass":6,"minecraft:redstone_ore":1,"minecraft:sculk_catalyst":1,"minecraft:glowstone":9,"minecraft:furnace":4,"minecraft:fire":11,"minecraft:iron_ore":60,"minecraft:cobbled_deepslate":25,"minecraft:andesite":19,"minecraft:fletching_table":1,"minecraft:deepslate_lapis_ore":4,"minecraft:gold_block":1,"minecraft:cave_vines":1,"minecraft:deepslate_iron_ore":32,"minecraft:stone":201,"minecraft:podzol":1,"minecraft:deepslate_redstone_ore":2,"minecraft:soul_fire":1,"minecraft:kelp_plant":1,"minecraft:soul_lantern":1,"minecraft:clay":1,"minecraft:crafting_table":11,"minecraft:torch":13,"minecraft:calcite":22,"minecraft:chest":1,"minecraft:sculk_sensor":6,"minecraft:white_candle":6,"minecraft:tall_grass":26,"minecraft:cobblestone":10,"minecraft:lapis_ore":8,"minecraft:deepslate_gold_ore":5,"minecraft:sugar_cane":1,"minecraft:oak_planks":5,"minecraft:sculk":4,"minecraft:diorite":8,"minecraft:wall_torch":16,"minecraft:amethyst_block":7,"minecraft:seagrass":5,"minecraft:sweet_berry_bush":17,"minecraft:spruce_log":17,"minecraft:yellow_bed":1,"minecraft:cracked_deepslate_tiles":1,"minecraft:grass":49,"minecraft:oak_log":28,"minecraft:coal_ore":90,"minecraft:sand":1,"minecraft:gravel":54,"minecraft:dripstone_block":22,"minecraft:dirt":25,"tombstone:decorative_grave_simple":1,"minecraft:cobweb":110,"minecraft:smooth_basalt":1,"minecraft:netherrack":5,"minecraft:gold_ore":8,"minecraft:oak_leaves":6,"minecraft:deepslate":181},"minecraft:dropped":{"minecraft:iron_ingot":64,"minecraft:iron_sword":2,"minecraft:moss_block":1,"minecraft:wheat_seeds":1,"minecraft:diamond_axe":1,"minecraft:lapis_lazuli":64,"minecraft:dripstone_block":22,"minecraft:pitcher_pod":1,"minecraft:cobblestone":7,"minecraft:amethyst_block":5,"minecraft:iron_horse_armor":1,"minecraft:tropical_fish":1,"tombstone:ankh_of_pray":1,"minecraft:pufferfish":2,"minecraft:flint":1,"minecraft:stick":1,"minecraft:dirt":9,"minecraft:torch":3,"tombstone:grave_dust":5,"minecraft:bone_meal":3,"minecraft:iron_pickaxe":1,"minecraft:iron_shovel":1,"minecraft:string":8,"minecraft:bucket":1,"tombstone:decorative_grave_simple":2,"minecraft:dandelion":2,"minecraft:smooth_basalt":1,"minecraft:redstone":5,"minecraft:spruce_sapling":1,"minecraft:bone":2,"minecraft:gravel":1,"minecraft:kelp":1,"minecraft:sugar_cane":4,"minecraft:iron_nugget":32,"minecraft:stone_sword":1,"minecraft:cobbled_deepslate":11,"minecraft:cocoa_beans":1,"minecraft:tuff":4,"minecraft:pointed_dripstone":2,"minecraft:rotten_flesh":131,"minecraft:pumpkin_seeds":4,"minecraft:gunpowder":6,"minecraft:spruce_planks":40,"minecraft:diamond_pickaxe":3,"minecraft:andesite":2,"minecraft:beetroot_seeds":3,"minecraft:spider_eye":15,"minecraft:bow":1,"minecraft:stone_pickaxe":1},"minecraft:picked_up":{"minecraft:wooden_axe":1,"minecraft:crafting_table":11,"minecraft:chainmail_boots":1,"minecraft:chicken":4,"minecraft:wooden_pickaxe":1,"minecraft:gold_block":1,"minecraft:enchanted_book":13,"tombstone:grave_key":2,"minecraft:amethyst_block":14,"minecraft:string":277,"minecraft:raw_copper":3,"minecraft:wooden_sword":3,"minecraft:iron_shovel":1,"minecraft:pufferfish":4,"minecraft:deepslate_tiles":2,"minecraft:gold_nugget":33,"minecraft:cobbled_deepslate":271,"minecraft:bucket":1,"minecraft:spruce_planks":40,"minecraft:beef":28,"minecraft:calcite":42,"minecraft:iron_nugget":32,"minecraft:iron_pickaxe":2,"minecraft:sugar_cane":4,"minecraft:chest":2,"minecraft:egg":1,"minecraft:furnace":4,"tombstone:ankh_of_pray":1,"minecraft:stick":2,"minecraft:raw_iron":92,"minecraft:oak_fence":10,"minecraft:torch":36,"minecraft:porkchop":10,"tombstone:grave_dust":20,"minecraft:pointed_dripstone":2,"minecraft:diorite":17,"minecraft:redstone":15,"tombstone:tablet_of_cupidity":1,"minecraft:iron_horse_armor":1,"minecraft:rabbit_foot":1,"minecraft:arrow":54,"minecraft:stone_sword":2,"minecraft:rotten_flesh":142,"minecraft:tropical_fish":1,"minecraft:deepslate_bricks":1,"tombstone:essence_of_undeath":4,"minecraft:obsidian":22,"minecraft:mutton":16,"minecraft:rail":7,"minecraft:cod":2,"minecraft:white_wool":21,"minecraft:cobblestone":223,"minecraft:cracked_deepslate_tiles":1,"minecraft:feather":7,"minecraft:tripwire_hook":2,"minecraft:andesite":25,"minecraft:salmon":63,"minecraft:leather":39,"minecraft:flint":6,"minecraft:tuff":4,"minecraft:oak_log":28,"minecraft:yellow_bed":1,"minecraft:gunpowder":13,"minecraft:lapis_lazuli":264,"minecraft:dirt":64,"minecraft:name_tag":4,"minecraft:leather_boots":1,"minecraft:bone":39,"minecraft:kelp":1,"minecraft:wheat_seeds":25,"minecraft:raw_gold":29,"minecraft:rabbit_hide":1,"minecraft:iron_ingot":118,"minecraft:stone_pickaxe":2,"minecraft:fletching_table":1,"minecraft:glowstone_dust":27,"tombstone:bag_of_seeds":1,"minecraft:rabbit":2,"minecraft:iron_sword":3,"minecraft:oak_planks":50,"minecraft:sculk_catalyst":3,"minecraft:smooth_basalt":1,"minecraft:music_disc_13":2,"minecraft:sweet_berries":32,"minecraft:dandelion":4,"minecraft:dripstone_block":25,"minecraft:gravel":46,"tombstone:decorative_grave_simple":4,"minecraft:spruce_sapling":1,"minecraft:grass_block":5,"minecraft:white_bed":2,"minecraft:spruce_log":17,"minecraft:crying_obsidian":1,"minecraft:spider_eye":19,"minecraft:white_candle":12,"minecraft:bundle":5,"minecraft:pumpkin_seeds":2,"minecraft:clay":1,"minecraft:soul_lantern":1,"minecraft:diamond":56,"minecraft:spruce_boat":1,"minecraft:diamond_axe":2,"minecraft:granite":13,"minecraft:bone_meal":5,"minecraft:golden_apple":2,"minecraft:golden_horse_armor":2,"minecraft:bread":23,"minecraft:black_wool":1,"minecraft:oak_sapling":1,"minecraft:netherrack":4,"minecraft:coal":135,"minecraft:diamond_pickaxe":3}},"DataVersion":3465}