{"stats":{"minecraft:mined":{"minecraft:spruce_planks":1,"minecraft:crafting_table":6,"minecraft:torch":1,"minecraft:grass_block":3,"minecraft:spruce_leaves":7,"minecraft:wall_torch":4,"minecraft:seagrass":1,"minecraft:furnace":2,"minecraft:iron_ore":1,"minecraft:sweet_berry_bush":16,"minecraft:spruce_log":17,"minecraft:grass":1,"minecraft:coal_ore":39,"minecraft:dirt":11,"minecraft:stone":35},"minecraft:used":{"minecraft:stone_sword":27,"minecraft:stone_pickaxe":77,"minecraft:spruce_planks":9,"minecraft:wooden_pickaxe":4,"minecraft:torch":6,"minecraft:crafting_table":5,"minecraft:spruce_boat":1,"tombstone:bag_of_seeds":1,"minecraft:wooden_axe":20,"minecraft:fishing_rod":1,"minecraft:wooden_sword":51,"minecraft:cobblestone":2,"minecraft:sweet_berries":30,"minecraft:furnace":3,"minecraft:cooked_porkchop":1},"minecraft:custom":{"minecraft:interact_with_furnace":11,"minecraft:mob_kills":27,"minecraft:interact_with_crafting_table":6,"minecraft:leave_game":1,"minecraft:time_since_death":33852,"minecraft:time_since_rest":33852,"minecraft:sprint_one_cm":69345,"minecraft:damage_taken":365,"minecraft:walk_one_cm":86878,"minecraft:drop":16,"minecraft:damage_dealt":1935,"minecraft:swim_one_cm":27474,"minecraft:fly_one_cm":25446,"minecraft:crouch_one_cm":1474,"minecraft:play_time":33852,"tombstone:undead_killed":5,"minecraft:sneak_time":342,"minecraft:walk_under_water_one_cm":20898,"minecraft:boat_one_cm":99646,"minecraft:jump":296,"minecraft:walk_on_water_one_cm":8983,"minecraft:total_world_time":33852,"minecraft:fish_caught":1,"minecraft:fall_one_cm":6388},"minecraft:crafted":{"minecraft:wooden_sword":1,"minecraft:fishing_rod":1,"minecraft:cooked_porkchop":5,"minecraft:crafting_table":1,"minecraft:spruce_planks":68,"minecraft:wooden_pickaxe":1,"minecraft:furnace":2,"minecraft:air":0,"minecraft:stick":16,"minecraft:iron_ingot":1,"minecraft:stone_pickaxe":1,"minecraft:wooden_axe":1,"minecraft:stone_sword":1,"minecraft:torch":16},"minecraft:picked_up":{"minecraft:crafting_table":6,"minecraft:salmon":18,"minecraft:string":2,"minecraft:dirt":12,"minecraft:wooden_sword":1,"minecraft:bone":2,"minecraft:spruce_planks":40,"minecraft:rabbit_hide":1,"tombstone:bag_of_seeds":1,"minecraft:rabbit":2,"minecraft:furnace":2,"minecraft:raw_iron":1,"minecraft:sweet_berries":32,"minecraft:torch":4,"minecraft:porkchop":1,"minecraft:spruce_sapling":1,"tombstone:grave_dust":2,"minecraft:spruce_log":17,"minecraft:spider_eye":2,"minecraft:rabbit_foot":1,"minecraft:stone_sword":1,"minecraft:bundle":1,"minecraft:pumpkin_seeds":2,"minecraft:rotten_flesh":6,"minecraft:spruce_boat":1,"minecraft:bone_meal":2,"minecraft:cod":1,"minecraft:coal":55,"minecraft:cobblestone":32},"minecraft:killed":{"minecraft:pig":1,"minecraft:salmon":18,"minecraft:rabbit":2,"minecraft:spider":1,"minecraft:skeleton":1,"minecraft:zombie":3,"minecraft:drowned":1},"minecraft:dropped":{"minecraft:stone_sword":1,"minecraft:cocoa_beans":1,"minecraft:pitcher_pod":1,"minecraft:pumpkin_seeds":4,"minecraft:stick":1,"minecraft:torch":2,"minecraft:spruce_planks":40,"minecraft:beetroot_seeds":3,"tombstone:grave_dust":2,"minecraft:bone_meal":2,"minecraft:spider_eye":2,"minecraft:spruce_sapling":1}},"DataVersion":3465}