{"stats":{"minecraft:mined":{"minecraft:podzol":1,"minecraft:spruce_planks":1,"minecraft:crafting_table":6,"minecraft:torch":1,"minecraft:grass_block":7,"minecraft:chest":1,"minecraft:tall_grass":3,"minecraft:spruce_leaves":11,"minecraft:sugar_cane":1,"minecraft:wall_torch":4,"minecraft:large_fern":1,"minecraft:seagrass":4,"minecraft:tall_seagrass":5,"minecraft:furnace":2,"minecraft:iron_ore":1,"minecraft:sweet_berry_bush":16,"minecraft:spruce_log":17,"minecraft:andesite":4,"minecraft:grass":7,"minecraft:oak_log":9,"minecraft:coal_ore":39,"minecraft:gravel":3,"minecraft:dirt":16,"minecraft:stone":87},"minecraft:killed_by":{"minecraft:skeleton":1,"minecraft:creeper":1},"minecraft:broken":{"minecraft:wooden_pickaxe":1},"minecraft:used":{"minecraft:stone_sword":30,"minecraft:stone_pickaxe":77,"minecraft:oak_planks":1,"minecraft:spruce_planks":9,"minecraft:wooden_pickaxe":63,"minecraft:torch":7,"minecraft:dirt":3,"minecraft:crafting_table":6,"tombstone:bag_of_seeds":1,"minecraft:spruce_boat":1,"minecraft:wooden_axe":21,"minecraft:gravel":3,"minecraft:wooden_sword":51,"minecraft:fishing_rod":1,"minecraft:cobblestone":54,"minecraft:beef":1,"minecraft:sweet_berries":30,"minecraft:furnace":3,"minecraft:cooked_porkchop":1,"minecraft:andesite":4,"tombstone:gift":2},"minecraft:custom":{"minecraft:interact_with_furnace":11,"minecraft:mob_kills":30,"minecraft:interact_with_crafting_table":8,"minecraft:leave_game":2,"minecraft:time_since_death":7747,"minecraft:time_since_rest":6022,"minecraft:sprint_one_cm":176044,"minecraft:damage_taken":896,"minecraft:walk_one_cm":104657,"minecraft:drop":16,"minecraft:damage_dealt":2183,"minecraft:swim_one_cm":103163,"minecraft:fly_one_cm":119495,"minecraft:open_chest":5,"minecraft:play_time":55556,"minecraft:crouch_one_cm":1763,"tombstone:undead_killed":6,"minecraft:deaths":2,"minecraft:sneak_time":429,"minecraft:walk_under_water_one_cm":26642,"minecraft:boat_one_cm":99646,"minecraft:jump":763,"minecraft:walk_on_water_one_cm":22452,"minecraft:total_world_time":55556,"minecraft:fish_caught":1,"minecraft:fall_one_cm":15071},"minecraft:crafted":{"minecraft:wooden_sword":2,"minecraft:oak_planks":36,"minecraft:fishing_rod":1,"minecraft:cooked_porkchop":5,"minecraft:crafting_table":2,"minecraft:spruce_planks":68,"minecraft:wooden_pickaxe":3,"minecraft:furnace":2,"minecraft:air":0,"minecraft:stick":24,"minecraft:iron_ingot":1,"minecraft:stone_pickaxe":1,"minecraft:wooden_axe":1,"minecraft:stone_sword":1,"minecraft:torch":16},"minecraft:picked_up":{"minecraft:crafting_table":6,"minecraft:andesite":4,"minecraft:salmon":18,"minecraft:flint":3,"minecraft:oak_log":9,"minecraft:dirt":22,"minecraft:string":2,"minecraft:wooden_sword":1,"minecraft:bone":2,"minecraft:wheat_seeds":2,"minecraft:rabbit_hide":1,"minecraft:spruce_planks":40,"minecraft:beef":3,"tombstone:bag_of_seeds":1,"minecraft:rabbit":2,"minecraft:sugar_cane":4,"minecraft:chest":1,"minecraft:furnace":2,"minecraft:raw_iron":1,"minecraft:sweet_berries":32,"minecraft:torch":4,"minecraft:gravel":3,"minecraft:porkchop":1,"minecraft:spruce_sapling":1,"tombstone:grave_dust":2,"minecraft:spruce_log":17,"tombstone:tablet_of_cupidity":1,"minecraft:spider_eye":2,"minecraft:rabbit_foot":1,"minecraft:bundle":1,"minecraft:stone_sword":1,"minecraft:pumpkin_seeds":2,"minecraft:rotten_flesh":6,"minecraft:spruce_boat":1,"minecraft:bone_meal":2,"minecraft:cod":1,"minecraft:coal":55,"minecraft:cobblestone":84},"minecraft:killed":{"minecraft:pig":1,"minecraft:salmon":18,"minecraft:rabbit":2,"minecraft:spider":1,"minecraft:skeleton":2,"minecraft:zombie":3,"minecraft:drowned":1,"minecraft:cow":1},"minecraft:dropped":{"minecraft:stone_sword":1,"minecraft:cocoa_beans":1,"minecraft:pitcher_pod":1,"minecraft:pumpkin_seeds":4,"minecraft:stick":1,"minecraft:torch":2,"minecraft:spruce_planks":40,"minecraft:beetroot_seeds":3,"tombstone:grave_dust":2,"minecraft:spider_eye":2,"minecraft:bone_meal":2,"minecraft:spruce_sapling":1}},"DataVersion":3465}