{"stats":{"minecraft:mined":{"minecraft:mossy_cobblestone":3,"minecraft:spruce_log":10,"minecraft:dandelion":1,"minecraft:crafting_table":2,"minecraft:grass":1,"minecraft:coal_ore":2,"minecraft:stone":8,"minecraft:fern":2},"minecraft:killed_by":{"minecraft:skeleton":1},"minecraft:used":{"minecraft:wooden_axe":7,"minecraft:stone_pickaxe":4,"minecraft:wooden_pickaxe":9,"minecraft:stone_axe":1,"minecraft:crafting_table":2,"minecraft:spruce_log":1},"minecraft:custom":{"minecraft:time_since_rest":9230,"minecraft:sprint_one_cm":25460,"minecraft:damage_taken":410,"minecraft:walk_one_cm":11467,"minecraft:mob_kills":1,"minecraft:damage_dealt":173,"minecraft:swim_one_cm":4392,"minecraft:interact_with_crafting_table":14,"minecraft:fly_one_cm":26856,"minecraft:play_time":12264,"minecraft:deaths":1,"minecraft:sneak_time":51,"minecraft:walk_under_water_one_cm":4352,"minecraft:jump":142,"minecraft:leave_game":4,"minecraft:time_since_death":10063,"minecraft:walk_on_water_one_cm":567,"minecraft:total_world_time":12264,"minecraft:fall_one_cm":4106},"minecraft:crafted":{"minecraft:crafting_table":1,"minecraft:spruce_planks":36,"minecraft:stick":12,"minecraft:wooden_pickaxe":1,"minecraft:stone_pickaxe":1,"minecraft:wooden_axe":1,"minecraft:stone_sword":1,"minecraft:stone_axe":1},"minecraft:picked_up":{"minecraft:crafting_table":2,"minecraft:dandelion":1,"minecraft:spruce_log":10,"minecraft:mossy_cobblestone":3,"minecraft:mutton":2,"minecraft:coal":2,"minecraft:white_wool":1,"minecraft:cobblestone":8},"minecraft:killed":{"minecraft:sheep":1}},"DataVersion":3465}