{"stats":{"minecraft:mined":{"minecraft:mossy_cobblestone":3,"minecraft:spruce_log":10,"minecraft:dandelion":1,"minecraft:crafting_table":2,"minecraft:grass":1,"minecraft:coal_ore":2,"minecraft:stone":8,"minecraft:fern":2},"minecraft:killed_by":{"minecraft:skeleton":2},"minecraft:used":{"minecraft:wooden_axe":7,"minecraft:stone_pickaxe":4,"minecraft:wooden_pickaxe":9,"minecraft:stone_axe":1,"minecraft:crafting_table":2,"minecraft:spruce_log":1},"minecraft:custom":{"minecraft:time_since_rest":570,"minecraft:sprint_one_cm":39450,"minecraft:damage_taken":470,"minecraft:walk_one_cm":13186,"minecraft:mob_kills":1,"minecraft:damage_dealt":173,"minecraft:swim_one_cm":4392,"minecraft:interact_with_crafting_table":14,"minecraft:fly_one_cm":32396,"minecraft:play_time":15270,"minecraft:deaths":2,"minecraft:sneak_time":51,"minecraft:walk_under_water_one_cm":4352,"minecraft:jump":207,"minecraft:leave_game":5,"minecraft:walk_on_water_one_cm":567,"minecraft:time_since_death":0,"minecraft:total_world_time":15270,"minecraft:fall_one_cm":4373},"minecraft:crafted":{"minecraft:crafting_table":1,"minecraft:spruce_planks":36,"minecraft:stick":12,"minecraft:wooden_pickaxe":1,"minecraft:stone_pickaxe":1,"minecraft:wooden_axe":1,"minecraft:stone_sword":1,"minecraft:torch":8,"minecraft:stone_axe":1},"minecraft:picked_up":{"minecraft:crafting_table":2,"minecraft:dandelion":1,"minecraft:spruce_log":10,"minecraft:mossy_cobblestone":3,"minecraft:mutton":2,"minecraft:coal":2,"minecraft:white_wool":1,"minecraft:cobblestone":8},"minecraft:killed":{"minecraft:sheep":1}},"DataVersion":3465}