{"stats":{"minecraft:mined":{"minecraft:mossy_cobblestone":3,"minecraft:mossy_stone_brick_slab":1,"minecraft:stone_brick_slab":2,"minecraft:dandelion":2,"minecraft:crafting_table":3,"minecraft:torch":2,"minecraft:blast_furnace":1,"minecraft:grass_block":1,"minecraft:melon":4,"minecraft:stone_slab":2,"minecraft:tall_grass":1,"minecraft:birch_slab":2,"minecraft:sugar_cane":7,"minecraft:sweet_berry_bush":11,"minecraft:spruce_log":17,"minecraft:fletching_table":1,"minecraft:stone_brick_stairs":2,"minecraft:bell":1,"minecraft:grass":16,"minecraft:oak_log":18,"minecraft:coal_ore":2,"minecraft:oak_stairs":1,"minecraft:cracked_stone_bricks":7,"minecraft:stone":8,"minecraft:stonecutter":1,"minecraft:stone_bricks":6,"minecraft:mossy_stone_bricks":1,"minecraft:fern":6},"minecraft:killed_by":{"minecraft:skeleton":2,"minecraft:drowned":3},"minecraft:broken":{"minecraft:stone_axe":1},"minecraft:used":{"minecraft:stone_sword":44,"minecraft:stone_pickaxe":29,"minecraft:wooden_pickaxe":9,"minecraft:torch":6,"minecraft:dirt":1,"minecraft:crafting_table":3,"minecraft:spruce_log":1,"minecraft:wooden_axe":10,"minecraft:oak_stairs":1,"minecraft:bread":7,"minecraft:stone_axe":100,"minecraft:sweet_berries":32,"tombstone:gift":2,"minecraft:golden_axe":7},"minecraft:custom":{"minecraft:mob_kills":20,"minecraft:interact_with_crafting_table":15,"minecraft:leave_game":6,"minecraft:time_since_death":6974,"minecraft:sleep_in_bed":1,"minecraft:climb_one_cm":891,"minecraft:time_since_rest":5765,"minecraft:sprint_one_cm":307312,"minecraft:damage_taken":1484,"minecraft:walk_one_cm":79177,"minecraft:drop":20,"minecraft:damage_dealt":1669,"minecraft:swim_one_cm":88784,"minecraft:fly_one_cm":387266,"minecraft:open_chest":7,"minecraft:crouch_one_cm":290,"minecraft:play_time":80997,"minecraft:deaths":5,"minecraft:sneak_time":156,"minecraft:walk_under_water_one_cm":21368,"minecraft:jump":1729,"minecraft:walk_on_water_one_cm":61907,"minecraft:total_world_time":80997,"minecraft:fall_one_cm":32587},"minecraft:crafted":{"minecraft:crafting_table":1,"minecraft:spruce_planks":36,"minecraft:wooden_pickaxe":1,"minecraft:stone_axe":1,"minecraft:stick":12,"minecraft:stone_pickaxe":1,"minecraft:wooden_axe":1,"minecraft:stone_sword":1,"minecraft:torch":8},"minecraft:picked_up":{"minecraft:crafting_table":3,"minecraft:feather":2,"minecraft:chicken":1,"minecraft:birch_slab":2,"minecraft:salmon":4,"minecraft:leather":4,"minecraft:stone_slab":2,"minecraft:oak_stairs":1,"minecraft:stone_brick_stairs":2,"minecraft:oak_log":18,"minecraft:dirt":1,"minecraft:stone_bricks":5,"minecraft:cracked_stone_bricks":7,"minecraft:stonecutter":1,"minecraft:wheat_seeds":1,"minecraft:bell":1,"minecraft:beef":9,"minecraft:stone_pickaxe":1,"minecraft:fletching_table":1,"minecraft:sugar_cane":7,"minecraft:stick":2,"minecraft:sweet_berries":27,"minecraft:stone_brick_slab":2,"minecraft:torch":4,"minecraft:dandelion":2,"minecraft:golden_axe":1,"minecraft:porkchop":14,"minecraft:melon":4,"minecraft:blast_furnace":1,"minecraft:spruce_log":24,"minecraft:mossy_stone_brick_slab":1,"minecraft:mossy_cobblestone":3,"minecraft:stone_sword":1,"minecraft:coal":2,"minecraft:mutton":7,"minecraft:white_wool":4,"minecraft:cobblestone":8},"minecraft:killed":{"minecraft:pig":6,"minecraft:salmon":5,"minecraft:sheep":4,"minecraft:chicken":1,"minecraft:cow":4},"minecraft:dropped":{"minecraft:wheat_seeds":1,"minecraft:stone_sword":1,"minecraft:golden_axe":1,"minecraft:mossy_stone_brick_slab":1,"minecraft:stone_slab":2,"minecraft:cracked_stone_bricks":7,"minecraft:stick":2,"minecraft:melon":4,"minecraft:spruce_planks":8,"minecraft:stone_bricks":5,"minecraft:spruce_log":14,"minecraft:stone_pickaxe":1,"minecraft:stone_brick_stairs":2,"minecraft:stone_brick_slab":2}},"DataVersion":3465}