{"stats":{"minecraft:mined":{"minecraft:spruce_planks":1,"minecraft:mossy_cobblestone":3,"minecraft:mossy_stone_brick_slab":1,"minecraft:smoker":1,"minecraft:jungle_leaves":2,"minecraft:stone_brick_slab":2,"minecraft:dandelion":2,"minecraft:crafting_table":5,"minecraft:torch":2,"minecraft:blast_furnace":2,"minecraft:jungle_planks":4,"minecraft:grass_block":37,"minecraft:melon":4,"minecraft:stone_slab":2,"minecraft:tall_grass":1,"minecraft:birch_slab":2,"minecraft:cartography_table":1,"minecraft:sugar_cane":7,"minecraft:orange_carpet":1,"minecraft:furnace":1,"minecraft:sweet_berry_bush":11,"minecraft:spruce_log":17,"minecraft:fletching_table":1,"minecraft:yellow_bed":1,"minecraft:stone_brick_stairs":2,"minecraft:bell":1,"minecraft:grass":18,"minecraft:oak_log":39,"minecraft:coal_ore":15,"minecraft:oak_stairs":1,"minecraft:dirt":56,"minecraft:cracked_stone_bricks":7,"minecraft:bamboo":1,"minecraft:stone":18,"minecraft:stonecutter":1,"minecraft:stone_bricks":6,"minecraft:mossy_stone_bricks":1,"minecraft:oak_leaves":13,"minecraft:fern":6},"minecraft:killed_by":{"minecraft:creeper":1,"minecraft:skeleton":3,"minecraft:drowned":3},"minecraft:broken":{"minecraft:stone_axe":1},"minecraft:used":{"minecraft:stone_sword":82,"minecraft:stone_pickaxe":29,"minecraft:oak_planks":28,"minecraft:wooden_pickaxe":9,"minecraft:white_wool":1,"minecraft:torch":6,"minecraft:mutton":1,"minecraft:dirt":83,"minecraft:crafting_table":5,"minecraft:blast_furnace":1,"minecraft:spruce_log":1,"minecraft:wooden_axe":27,"minecraft:apple":21,"minecraft:chicken":2,"minecraft:oak_stairs":1,"minecraft:bread":7,"minecraft:stone_axe":100,"minecraft:beef":1,"minecraft:sweet_berries":32,"minecraft:furnace":1,"minecraft:cooked_porkchop":10,"tombstone:gift":2,"minecraft:golden_pickaxe":27,"minecraft:potato":13,"minecraft:golden_axe":16},"minecraft:custom":{"minecraft:interact_with_furnace":10,"minecraft:mob_kills":26,"minecraft:interact_with_cartography_table":1,"minecraft:interact_with_crafting_table":17,"minecraft:leave_game":6,"minecraft:time_since_death":51198,"minecraft:sleep_in_bed":2,"minecraft:climb_one_cm":10072,"minecraft:time_since_rest":19312,"minecraft:sprint_one_cm":651104,"minecraft:damage_taken":3254,"minecraft:walk_one_cm":281945,"minecraft:drop":60,"minecraft:damage_dealt":2400,"minecraft:swim_one_cm":210366,"minecraft:fly_one_cm":915860,"minecraft:open_chest":18,"tombstone:undead_killed":2,"minecraft:crouch_one_cm":551,"minecraft:play_time":182997,"minecraft:deaths":8,"minecraft:sneak_time":752,"minecraft:walk_under_water_one_cm":74971,"minecraft:jump":4715,"minecraft:interact_with_blast_furnace":2,"minecraft:walk_on_water_one_cm":190270,"minecraft:interact_with_smoker":1,"minecraft:total_world_time":182997,"minecraft:fall_one_cm":99285},"minecraft:crafted":{"minecraft:oak_planks":44,"minecraft:cooked_porkchop":14,"minecraft:crafting_table":2,"minecraft:spruce_planks":36,"minecraft:wooden_pickaxe":2,"minecraft:furnace":1,"minecraft:stone_axe":1,"minecraft:stick":16,"minecraft:stone_pickaxe":1,"minecraft:wooden_axe":2,"minecraft:stone_sword":1,"minecraft:torch":8},"minecraft:picked_up":{"minecraft:crafting_table":5,"minecraft:feather":6,"minecraft:chicken":6,"minecraft:birch_slab":2,"minecraft:salmon":4,"minecraft:leather":4,"minecraft:stone_slab":2,"minecraft:smoker":1,"minecraft:oak_stairs":1,"minecraft:stone_brick_stairs":2,"minecraft:oak_log":38,"minecraft:yellow_bed":1,"minecraft:dirt":92,"minecraft:apple":4,"minecraft:stone_bricks":5,"minecraft:cracked_stone_bricks":7,"minecraft:stonecutter":1,"minecraft:wheat_seeds":3,"minecraft:cartography_table":1,"minecraft:bell":1,"minecraft:beef":10,"minecraft:stone_pickaxe":1,"minecraft:jungle_sapling":1,"minecraft:fletching_table":1,"minecraft:bamboo":9,"minecraft:sugar_cane":14,"minecraft:furnace":1,"minecraft:egg":1,"minecraft:stick":3,"minecraft:sweet_berries":27,"minecraft:stone_brick_slab":2,"minecraft:torch":4,"minecraft:dandelion":2,"minecraft:golden_axe":1,"minecraft:porkchop":14,"minecraft:melon":4,"minecraft:blast_furnace":2,"minecraft:spruce_log":24,"minecraft:mossy_stone_brick_slab":1,"minecraft:mossy_cobblestone":3,"minecraft:stone_sword":2,"minecraft:rotten_flesh":1,"tombstone:essence_of_undeath":1,"minecraft:oak_sapling":2,"minecraft:coal":39,"minecraft:mutton":8,"minecraft:white_wool":5,"minecraft:cobblestone":18},"minecraft:killed":{"minecraft:pig":6,"minecraft:salmon":5,"minecraft:sheep":5,"minecraft:zombie":1,"minecraft:chicken":3,"minecraft:drowned":1,"minecraft:cow":5},"minecraft:dropped":{"minecraft:sugar_cane":14,"minecraft:wheat_seeds":3,"minecraft:stone_sword":2,"minecraft:golden_axe":1,"minecraft:feather":2,"minecraft:cobblestone":2,"minecraft:rotten_flesh":1,"minecraft:apple":6,"minecraft:mossy_stone_brick_slab":1,"minecraft:stone_slab":2,"minecraft:cracked_stone_bricks":7,"minecraft:stick":3,"minecraft:dirt":9,"minecraft:melon":4,"minecraft:spruce_planks":8,"minecraft:gold_nugget":7,"minecraft:oak_sapling":2,"minecraft:bamboo":9,"minecraft:jungle_sapling":1,"minecraft:stone_bricks":5,"minecraft:spruce_log":14,"minecraft:stone_pickaxe":1,"minecraft:bell":1,"minecraft:stone_brick_stairs":2,"minecraft:stone_brick_slab":2}},"DataVersion":3465}