{"stats":{"minecraft:mined":{"minecraft:grass":1,"minecraft:dandelion":1,"minecraft:fern":2},"minecraft:custom":{"minecraft:jump":24,"minecraft:time_since_rest":1804,"minecraft:damage_dealt":79,"minecraft:leave_game":1,"minecraft:sprint_one_cm":1448,"minecraft:play_time":1804,"minecraft:time_since_death":1804,"minecraft:walk_one_cm":3582,"minecraft:total_world_time":1804,"minecraft:mob_kills":1,"minecraft:fall_one_cm":418,"minecraft:fly_one_cm":7172},"minecraft:picked_up":{"minecraft:mutton":2,"minecraft:dandelion":1,"minecraft:white_wool":1},"minecraft:killed":{"minecraft:sheep":1}},"DataVersion":3465}