{"stats":{"minecraft:mined":{"minecraft:mossy_cobblestone":3,"minecraft:mossy_stone_brick_slab":1,"minecraft:jungle_leaves":2,"minecraft:stone_brick_slab":2,"minecraft:dandelion":2,"minecraft:crafting_table":4,"minecraft:torch":2,"minecraft:blast_furnace":1,"minecraft:grass_block":24,"minecraft:melon":4,"minecraft:stone_slab":2,"minecraft:tall_grass":1,"minecraft:birch_slab":2,"minecraft:sugar_cane":7,"minecraft:sweet_berry_bush":11,"minecraft:spruce_log":17,"minecraft:fletching_table":1,"minecraft:yellow_bed":1,"minecraft:stone_brick_stairs":2,"minecraft:bell":1,"minecraft:grass":17,"minecraft:oak_log":39,"minecraft:coal_ore":2,"minecraft:oak_stairs":1,"minecraft:dirt":30,"minecraft:cracked_stone_bricks":7,"minecraft:bamboo":1,"minecraft:stone":8,"minecraft:stonecutter":1,"minecraft:stone_bricks":6,"minecraft:mossy_stone_bricks":1,"minecraft:oak_leaves":11,"minecraft:fern":6},"minecraft:killed_by":{"minecraft:creeper":1,"minecraft:skeleton":3,"minecraft:drowned":3},"minecraft:broken":{"minecraft:stone_axe":1},"minecraft:used":{"minecraft:stone_sword":64,"minecraft:stone_pickaxe":29,"minecraft:oak_planks":28,"minecraft:wooden_pickaxe":9,"minecraft:white_wool":1,"minecraft:torch":6,"minecraft:mutton":1,"minecraft:dirt":51,"minecraft:crafting_table":4,"minecraft:spruce_log":1,"minecraft:wooden_axe":27,"minecraft:apple":16,"minecraft:chicken":2,"minecraft:oak_stairs":1,"minecraft:bread":7,"minecraft:stone_axe":100,"minecraft:beef":1,"minecraft:sweet_berries":32,"tombstone:gift":2,"minecraft:potato":13,"minecraft:golden_axe":8},"minecraft:custom":{"minecraft:mob_kills":25,"minecraft:interact_with_crafting_table":16,"minecraft:leave_game":6,"minecraft:time_since_death":3198,"minecraft:sleep_in_bed":1,"minecraft:climb_one_cm":8836,"minecraft:time_since_rest":799,"minecraft:sprint_one_cm":516663,"minecraft:damage_taken":2607,"minecraft:walk_one_cm":219811,"minecraft:drop":36,"minecraft:damage_dealt":2195,"minecraft:swim_one_cm":122858,"minecraft:fly_one_cm":667225,"minecraft:open_chest":8,"tombstone:undead_killed":1,"minecraft:crouch_one_cm":551,"minecraft:play_time":134997,"minecraft:deaths":8,"minecraft:sneak_time":209,"minecraft:walk_under_water_one_cm":33274,"minecraft:jump":3557,"minecraft:walk_on_water_one_cm":101447,"minecraft:total_world_time":134997,"minecraft:fall_one_cm":71360},"minecraft:crafted":{"minecraft:oak_planks":44,"minecraft:crafting_table":2,"minecraft:spruce_planks":36,"minecraft:wooden_pickaxe":2,"minecraft:stone_axe":1,"minecraft:stick":16,"minecraft:stone_pickaxe":1,"minecraft:wooden_axe":2,"minecraft:stone_sword":1,"minecraft:torch":8},"minecraft:picked_up":{"minecraft:crafting_table":4,"minecraft:feather":4,"minecraft:chicken":3,"minecraft:birch_slab":2,"minecraft:salmon":4,"minecraft:leather":4,"minecraft:stone_slab":2,"minecraft:oak_stairs":1,"minecraft:stone_brick_stairs":2,"minecraft:oak_log":38,"minecraft:yellow_bed":1,"minecraft:dirt":54,"minecraft:apple":2,"minecraft:stone_bricks":5,"minecraft:cracked_stone_bricks":7,"minecraft:stonecutter":1,"minecraft:wheat_seeds":2,"minecraft:bell":1,"minecraft:beef":10,"minecraft:stone_pickaxe":1,"minecraft:jungle_sapling":1,"minecraft:fletching_table":1,"minecraft:bamboo":9,"minecraft:sugar_cane":7,"minecraft:egg":1,"minecraft:stick":3,"minecraft:sweet_berries":27,"minecraft:stone_brick_slab":2,"minecraft:torch":4,"minecraft:dandelion":2,"minecraft:golden_axe":1,"minecraft:porkchop":14,"minecraft:melon":4,"minecraft:blast_furnace":1,"minecraft:spruce_log":24,"minecraft:mossy_stone_brick_slab":1,"minecraft:mossy_cobblestone":3,"minecraft:stone_sword":1,"minecraft:rotten_flesh":1,"minecraft:coal":2,"minecraft:mutton":8,"minecraft:white_wool":5,"minecraft:cobblestone":8},"minecraft:killed":{"minecraft:pig":6,"minecraft:salmon":5,"minecraft:sheep":5,"minecraft:zombie":1,"minecraft:chicken":3,"minecraft:cow":5},"minecraft:dropped":{"minecraft:wheat_seeds":2,"minecraft:stone_sword":1,"minecraft:golden_axe":1,"minecraft:rotten_flesh":1,"minecraft:apple":1,"minecraft:mossy_stone_brick_slab":1,"minecraft:stone_slab":2,"minecraft:cracked_stone_bricks":7,"minecraft:stick":3,"minecraft:dirt":3,"minecraft:melon":4,"minecraft:spruce_planks":8,"minecraft:bamboo":9,"minecraft:jungle_sapling":1,"minecraft:stone_bricks":5,"minecraft:spruce_log":14,"minecraft:stone_pickaxe":1,"minecraft:stone_brick_stairs":2,"minecraft:stone_brick_slab":2}},"DataVersion":3465}