{"stats":{"minecraft:mined":{"minecraft:mossy_cobblestone":3,"minecraft:spruce_log":10,"minecraft:dandelion":1,"minecraft:crafting_table":2,"minecraft:grass":1,"minecraft:coal_ore":2,"minecraft:stone":8,"minecraft:fern":2},"minecraft:killed_by":{"minecraft:drowned":1,"minecraft:skeleton":2},"minecraft:used":{"minecraft:wooden_axe":7,"minecraft:stone_pickaxe":4,"minecraft:wooden_pickaxe":9,"minecraft:stone_axe":1,"minecraft:crafting_table":2,"minecraft:spruce_log":1},"minecraft:custom":{"minecraft:time_since_rest":464,"minecraft:sprint_one_cm":62800,"minecraft:damage_taken":705,"minecraft:walk_one_cm":14940,"minecraft:mob_kills":1,"minecraft:damage_dealt":173,"minecraft:swim_one_cm":17711,"minecraft:interact_with_crafting_table":14,"minecraft:fly_one_cm":72718,"minecraft:play_time":21077,"minecraft:deaths":3,"minecraft:sneak_time":51,"minecraft:walk_under_water_one_cm":4631,"minecraft:jump":330,"minecraft:leave_game":6,"minecraft:walk_on_water_one_cm":3752,"minecraft:time_since_death":2368,"minecraft:total_world_time":21077,"minecraft:fall_one_cm":5379},"minecraft:crafted":{"minecraft:crafting_table":1,"minecraft:spruce_planks":36,"minecraft:stick":12,"minecraft:wooden_pickaxe":1,"minecraft:stone_pickaxe":1,"minecraft:wooden_axe":1,"minecraft:stone_sword":1,"minecraft:torch":8,"minecraft:stone_axe":1},"minecraft:picked_up":{"minecraft:crafting_table":2,"minecraft:dandelion":1,"minecraft:spruce_log":10,"minecraft:mossy_cobblestone":3,"minecraft:mutton":2,"minecraft:coal":2,"minecraft:white_wool":1,"minecraft:cobblestone":8},"minecraft:killed":{"minecraft:sheep":1}},"DataVersion":3465}