{"stats":{"minecraft:mined":{"minecraft:mossy_cobblestone":3,"minecraft:mossy_stone_brick_slab":1,"minecraft:stone_brick_slab":2,"minecraft:dandelion":2,"minecraft:crafting_table":2,"minecraft:blast_furnace":1,"minecraft:grass_block":1,"minecraft:stone_slab":2,"minecraft:tall_grass":1,"minecraft:sugar_cane":7,"minecraft:sweet_berry_bush":11,"minecraft:spruce_log":17,"minecraft:fletching_table":1,"minecraft:stone_brick_stairs":2,"minecraft:grass":3,"minecraft:coal_ore":2,"minecraft:oak_log":18,"minecraft:cracked_stone_bricks":7,"minecraft:stonecutter":1,"minecraft:stone":8,"minecraft:stone_bricks":6,"minecraft:mossy_stone_bricks":1,"minecraft:fern":3},"minecraft:killed_by":{"minecraft:skeleton":2,"minecraft:drowned":2},"minecraft:broken":{"minecraft:stone_axe":1},"minecraft:used":{"minecraft:stone_sword":5,"minecraft:stone_pickaxe":28,"minecraft:wooden_pickaxe":9,"minecraft:dirt":1,"minecraft:crafting_table":2,"minecraft:spruce_log":1,"minecraft:wooden_axe":7,"minecraft:stone_axe":100,"minecraft:sweet_berries":32,"tombstone:gift":2},"minecraft:custom":{"minecraft:mob_kills":16,"minecraft:interact_with_crafting_table":14,"minecraft:leave_game":6,"minecraft:time_since_death":22196,"minecraft:sleep_in_bed":1,"minecraft:time_since_rest":1305,"minecraft:sprint_one_cm":178455,"minecraft:damage_taken":1115,"minecraft:walk_one_cm":42936,"minecraft:drop":11,"minecraft:damage_dealt":1199,"minecraft:swim_one_cm":44695,"minecraft:fly_one_cm":202968,"minecraft:crouch_one_cm":38,"minecraft:play_time":45077,"minecraft:deaths":4,"minecraft:sneak_time":55,"minecraft:walk_under_water_one_cm":13548,"minecraft:jump":961,"minecraft:walk_on_water_one_cm":30570,"minecraft:total_world_time":45077,"minecraft:fall_one_cm":18724},"minecraft:crafted":{"minecraft:crafting_table":1,"minecraft:spruce_planks":36,"minecraft:wooden_pickaxe":1,"minecraft:stone_axe":1,"minecraft:stick":12,"minecraft:stone_pickaxe":1,"minecraft:wooden_axe":1,"minecraft:stone_sword":1,"minecraft:torch":8},"minecraft:picked_up":{"minecraft:crafting_table":2,"minecraft:feather":2,"minecraft:chicken":1,"minecraft:salmon":4,"minecraft:leather":4,"minecraft:stone_slab":2,"minecraft:stone_brick_stairs":2,"minecraft:oak_log":18,"minecraft:dirt":1,"minecraft:stone_bricks":5,"minecraft:stonecutter":1,"minecraft:cracked_stone_bricks":7,"minecraft:beef":9,"minecraft:fletching_table":1,"minecraft:sugar_cane":7,"minecraft:sweet_berries":27,"minecraft:stone_brick_slab":2,"minecraft:dandelion":2,"minecraft:porkchop":6,"minecraft:blast_furnace":1,"minecraft:spruce_log":24,"minecraft:mossy_stone_brick_slab":1,"minecraft:mossy_cobblestone":3,"minecraft:stone_sword":1,"minecraft:mutton":7,"minecraft:coal":2,"minecraft:white_wool":4,"minecraft:cobblestone":8},"minecraft:killed":{"minecraft:pig":2,"minecraft:salmon":5,"minecraft:sheep":4,"minecraft:chicken":1,"minecraft:cow":4},"minecraft:dropped":{"minecraft:stone_sword":1,"minecraft:mossy_stone_brick_slab":1,"minecraft:stone_slab":2,"minecraft:cracked_stone_bricks":7,"minecraft:spruce_planks":8,"minecraft:stone_bricks":5,"minecraft:spruce_log":14,"minecraft:stone_brick_stairs":2,"minecraft:stone_brick_slab":2}},"DataVersion":3465}