{"stats":{"minecraft:killed":{"minecraft:spider":3,"minecraft:cod":4,"minecraft:slime":5,"minecraft:skeleton":10,"minecraft:chicken":11,"minecraft:pig":7,"minecraft:sheep":38,"minecraft:zombie":6,"minecraft:cow":13},"minecraft:used":{"minecraft:stone_sword":143,"minecraft:spruce_planks":7,"minecraft:shield":68,"minecraft:iron_sword":123,"minecraft:cooked_chicken":3,"minecraft:iron_chestplate":1,"minecraft:torch":27,"minecraft:dirt":13,"minecraft:granite":7,"minecraft:wooden_axe":9,"minecraft:dark_oak_planks":28,"minecraft:sweet_berries":37,"minecraft:furnace":4,"minecraft:cooked_cod":4,"tombstone:gift":2,"minecraft:cobbled_deepslate":1,"minecraft:stone_pickaxe":102,"minecraft:wooden_pickaxe":10,"minecraft:glow_berries":7,"minecraft:crafting_table":5,"minecraft:chicken":1,"minecraft:bread":12,"minecraft:string":1,"minecraft:iron_pickaxe":215,"minecraft:wooden_sword":48,"minecraft:cobblestone":37,"minecraft:porkchop":2,"minecraft:coarse_dirt":7},"minecraft:crafted":{"minecraft:wooden_sword":1,"minecraft:cooked_chicken":3,"minecraft:furnace":1,"minecraft:iron_boots":1,"minecraft:stone_pickaxe":1,"minecraft:dark_oak_planks":52,"minecraft:wheat":234,"minecraft:cooked_cod":4,"minecraft:crafting_table":3,"minecraft:spruce_planks":44,"minecraft:wooden_pickaxe":1,"minecraft:iron_helmet":1,"minecraft:iron_sword":1,"minecraft:bread":78,"minecraft:air":0,"minecraft:iron_chestplate":1,"minecraft:shield":2,"minecraft:stick":16,"minecraft:iron_ingot":47,"minecraft:iron_pickaxe":2,"minecraft:wooden_axe":1,"minecraft:stone_sword":1,"minecraft:iron_leggings":1,"minecraft:torch":28},"minecraft:killed_by":{"minecraft:player":1,"minecraft:creeper":1,"minecraft:skeleton":4},"minecraft:broken":{"minecraft:shield":1},"minecraft:custom":{"minecraft:mob_kills":103,"minecraft:interact_with_crafting_table":13,"minecraft:bell_ring":1,"minecraft:leave_game":2,"minecraft:time_since_death":37600,"minecraft:climb_one_cm":3763,"minecraft:sprint_one_cm":398443,"minecraft:walk_one_cm":424326,"minecraft:damage_blocked_by_shield":3780,"minecraft:drop":42,"minecraft:talked_to_villager":4,"minecraft:play_time":124512,"minecraft:deaths":7,"minecraft:sneak_time":291,"minecraft:walk_under_water_one_cm":32507,"minecraft:jump":2603,"minecraft:interact_with_blast_furnace":1,"minecraft:walk_on_water_one_cm":19343,"minecraft:total_world_time":124512,"minecraft:interact_with_furnace":23,"minecraft:time_since_rest":37120,"minecraft:damage_taken":2871,"minecraft:damage_dealt":9628,"minecraft:swim_one_cm":66476,"minecraft:fly_one_cm":386727,"minecraft:open_chest":4,"minecraft:crouch_one_cm":129,"tombstone:undead_killed":16,"minecraft:fall_one_cm":52392},"minecraft:mined":{"minecraft:tuff":1,"minecraft:dark_oak_leaves":1,"minecraft:cave_vines_plant":4,"minecraft:granite":11,"minecraft:grass_block":10,"minecraft:spruce_leaves":11,"minecraft:moss_block":26,"minecraft:large_fern":7,"minecraft:hay_block":49,"minecraft:furnace":4,"minecraft:iron_ore":38,"minecraft:andesite":2,"minecraft:moss_carpet":1,"minecraft:deepslate_lapis_ore":8,"minecraft:peony":3,"minecraft:bell":1,"minecraft:pointed_dripstone":3,"minecraft:cave_vines":7,"minecraft:deepslate_iron_ore":18,"minecraft:packed_ice":2,"minecraft:azalea":2,"minecraft:stone":98,"minecraft:podzol":2,"minecraft:flowering_azalea":3,"minecraft:kelp_plant":2,"minecraft:powder_snow":9,"minecraft:crafting_table":3,"minecraft:clay":10,"minecraft:blast_furnace":1,"minecraft:poppy":1,"minecraft:rose_bush":2,"minecraft:copper_ore":1,"minecraft:tall_grass":12,"minecraft:deepslate_gold_ore":1,"minecraft:coarse_dirt":7,"minecraft:sweet_berry_bush":17,"minecraft:lilac":1,"minecraft:spruce_log":12,"minecraft:yellow_bed":1,"minecraft:grass":37,"minecraft:coal_ore":39,"minecraft:dripstone_block":1,"minecraft:gravel":1,"minecraft:dirt":10,"minecraft:gold_ore":5,"minecraft:deepslate":11,"minecraft:fern":2},"minecraft:dropped":{"minecraft:wheat_seeds":7,"minecraft:feather":1,"minecraft:cobblestone":1,"minecraft:granite":1,"minecraft:dirt":1,"minecraft:gray_wool":1,"minecraft:diorite":4,"minecraft:torch":1,"tombstone:grave_key":1,"minecraft:wooden_sword":1,"minecraft:string":1,"minecraft:gold_ingot":1,"minecraft:furnace":1,"minecraft:stone_sword":3,"minecraft:cobbled_deepslate":9,"minecraft:tuff":1,"minecraft:rotten_flesh":5,"minecraft:clay_ball":37,"minecraft:spruce_planks":2,"minecraft:andesite":1,"minecraft:spider_eye":4,"minecraft:slime_ball":4,"minecraft:wooden_pickaxe":1,"minecraft:egg":1},"minecraft:picked_up":{"minecraft:wooden_axe":1,"minecraft:coarse_dirt":10,"minecraft:crafting_table":3,"minecraft:chicken":14,"minecraft:clay_ball":37,"minecraft:wooden_pickaxe":1,"minecraft:enchanted_book":1,"tombstone:grave_key":1,"minecraft:string":2,"minecraft:moss_carpet":11,"minecraft:wooden_sword":1,"minecraft:cobbled_deepslate":10,"minecraft:spruce_planks":7,"minecraft:beef":25,"minecraft:azalea":3,"minecraft:furnace":4,"minecraft:egg":1,"minecraft:raw_iron":58,"minecraft:stick":4,"minecraft:torch":19,"minecraft:porkchop":15,"minecraft:diorite":6,"minecraft:stone_sword":2,"minecraft:arrow":10,"minecraft:rotten_flesh":11,"minecraft:hay_block":48,"minecraft:gold_ingot":1,"minecraft:glow_berries":5,"minecraft:mutton":59,"minecraft:cod":4,"minecraft:cobblestone":73,"minecraft:white_wool":36,"minecraft:feather":6,"minecraft:andesite":2,"minecraft:tuff":1,"minecraft:yellow_bed":1,"minecraft:gunpowder":1,"minecraft:lapis_lazuli":54,"minecraft:dirt":55,"minecraft:bone":10,"minecraft:wheat_seeds":7,"minecraft:raw_gold":6,"minecraft:bell":1,"minecraft:stone_pickaxe":1,"minecraft:moss_block":24,"minecraft:flowering_azalea":2,"minecraft:sweet_berries":50,"minecraft:dripstone_block":1,"minecraft:spruce_sapling":2,"minecraft:blast_furnace":1,"minecraft:spruce_log":16,"minecraft:dark_oak_log":13,"minecraft:spider_eye":4,"minecraft:bundle":1,"minecraft:slime_ball":4,"minecraft:granite":8,"minecraft:gray_wool":1,"minecraft:coal":111}},"DataVersion":3465}