{"stats":{"minecraft:killed":{"minecraft:sheep":2,"minecraft:pig":1,"minecraft:chicken":3,"minecraft:spider":1},"minecraft:used":{"minecraft:wooden_axe":7,"minecraft:stone_pickaxe":55,"minecraft:string":1,"minecraft:spruce_planks":7,"minecraft:wooden_pickaxe":10,"minecraft:torch":7,"minecraft:wooden_sword":29,"minecraft:dirt":5,"minecraft:crafting_table":1,"minecraft:porkchop":2,"tombstone:gift":2,"minecraft:coarse_dirt":6},"minecraft:crafted":{"minecraft:wooden_sword":1,"minecraft:crafting_table":1,"minecraft:spruce_planks":44,"minecraft:stick":12,"minecraft:wooden_pickaxe":1,"minecraft:stone_pickaxe":1,"minecraft:wooden_axe":1,"minecraft:torch":20},"minecraft:killed_by":{"minecraft:player":1},"minecraft:custom":{"minecraft:damage_taken":439,"minecraft:sprint_one_cm":49152,"minecraft:walk_one_cm":63827,"minecraft:mob_kills":7,"minecraft:damage_dealt":665,"minecraft:interact_with_crafting_table":3,"minecraft:fly_one_cm":40985,"minecraft:play_time":16165,"minecraft:deaths":1,"minecraft:jump":350,"minecraft:leave_game":1,"minecraft:time_since_death":9841,"minecraft:total_world_time":16165,"minecraft:fall_one_cm":9603,"minecraft:time_since_rest":8846},"minecraft:mined":{"minecraft:large_fern":3,"minecraft:podzol":1,"minecraft:coarse_dirt":7,"minecraft:iron_ore":2,"minecraft:spruce_log":12,"minecraft:grass_block":2,"minecraft:coal_ore":32,"minecraft:dirt":6,"minecraft:spruce_leaves":3,"minecraft:stone":22},"minecraft:picked_up":{"minecraft:wooden_axe":1,"minecraft:raw_iron":5,"minecraft:stick":4,"minecraft:coarse_dirt":10,"minecraft:feather":4,"minecraft:chicken":6,"minecraft:torch":19,"minecraft:wooden_pickaxe":1,"minecraft:porkchop":4,"minecraft:spruce_sapling":2,"minecraft:spruce_log":16,"minecraft:dirt":13,"minecraft:spider_eye":1,"minecraft:string":1,"minecraft:wooden_sword":1,"minecraft:spruce_planks":7,"minecraft:stone_pickaxe":1,"minecraft:mutton":2,"minecraft:coal":47,"minecraft:white_wool":2,"minecraft:cobblestone":23}},"DataVersion":3465}