{"stats":{"minecraft:killed":{"minecraft:sheep":2,"minecraft:zombie":2,"minecraft:pig":1,"minecraft:chicken":3,"minecraft:spider":1},"minecraft:used":{"minecraft:wooden_axe":7,"minecraft:stone_pickaxe":56,"minecraft:string":1,"minecraft:spruce_planks":7,"minecraft:wooden_pickaxe":10,"minecraft:torch":7,"minecraft:wooden_sword":48,"minecraft:dirt":9,"minecraft:crafting_table":1,"minecraft:porkchop":2,"tombstone:gift":2,"minecraft:coarse_dirt":6},"minecraft:crafted":{"minecraft:wooden_sword":1,"minecraft:crafting_table":1,"minecraft:spruce_planks":44,"minecraft:stick":12,"minecraft:wooden_pickaxe":1,"minecraft:stone_pickaxe":1,"minecraft:wooden_axe":1,"minecraft:torch":20},"minecraft:killed_by":{"minecraft:player":1,"minecraft:skeleton":1},"minecraft:custom":{"minecraft:damage_taken":774,"minecraft:sprint_one_cm":93206,"minecraft:walk_one_cm":95971,"minecraft:mob_kills":9,"minecraft:damage_dealt":1061,"minecraft:swim_one_cm":1067,"minecraft:interact_with_crafting_table":3,"minecraft:fly_one_cm":80346,"minecraft:play_time":28165,"tombstone:undead_killed":2,"minecraft:deaths":3,"minecraft:sneak_time":5,"minecraft:walk_under_water_one_cm":1655,"minecraft:jump":565,"minecraft:leave_game":1,"minecraft:walk_on_water_one_cm":3310,"minecraft:time_since_death":4878,"minecraft:total_world_time":28165,"minecraft:fall_one_cm":12631,"minecraft:time_since_rest":2479},"minecraft:mined":{"minecraft:large_fern":4,"minecraft:podzol":2,"minecraft:coarse_dirt":7,"minecraft:flowering_azalea":1,"minecraft:iron_ore":2,"minecraft:sweet_berry_bush":4,"minecraft:spruce_log":12,"minecraft:clay":1,"minecraft:grass":1,"minecraft:grass_block":2,"minecraft:coal_ore":32,"minecraft:dirt":6,"minecraft:spruce_leaves":3,"minecraft:stone":22},"minecraft:picked_up":{"minecraft:wooden_axe":1,"minecraft:raw_iron":5,"minecraft:stick":4,"minecraft:coarse_dirt":10,"minecraft:feather":4,"minecraft:chicken":6,"minecraft:sweet_berries":14,"minecraft:torch":19,"minecraft:wooden_pickaxe":1,"minecraft:porkchop":4,"minecraft:spruce_sapling":2,"minecraft:spruce_log":16,"minecraft:moss_carpet":9,"minecraft:dirt":14,"minecraft:spider_eye":1,"minecraft:string":1,"minecraft:wooden_sword":1,"minecraft:rotten_flesh":4,"minecraft:wheat_seeds":1,"minecraft:spruce_planks":7,"minecraft:stone_pickaxe":1,"minecraft:mutton":2,"minecraft:flowering_azalea":1,"minecraft:coal":47,"minecraft:white_wool":2,"minecraft:cobblestone":23}},"DataVersion":3465}