{"stats":{"minecraft:killed":{"minecraft:spider":9,"minecraft:cod":4,"minecraft:slime":5,"minecraft:skeleton":14,"minecraft:chicken":11,"minecraft:pig":13,"minecraft:creeper":1,"minecraft:sheep":38,"minecraft:zombie":74,"minecraft:glow_squid":1,"minecraft:cow":13},"minecraft:used":{"minecraft:stone_sword":195,"minecraft:spruce_planks":7,"minecraft:shield":107,"minecraft:iron_sword":406,"minecraft:cooked_chicken":3,"minecraft:iron_chestplate":1,"minecraft:torch":31,"minecraft:dirt":17,"minecraft:granite":7,"minecraft:wooden_axe":9,"minecraft:dark_oak_planks":65,"minecraft:beef":2,"minecraft:sweet_berries":37,"minecraft:furnace":5,"minecraft:cooked_cod":4,"tombstone:gift":4,"minecraft:egg":1,"minecraft:cobbled_deepslate":2,"minecraft:amethyst_block":14,"minecraft:stone_pickaxe":121,"minecraft:wooden_pickaxe":23,"minecraft:glow_berries":7,"minecraft:crafting_table":7,"minecraft:blast_furnace":1,"minecraft:chicken":1,"minecraft:bread":25,"minecraft:string":1,"minecraft:iron_pickaxe":270,"minecraft:wooden_sword":48,"minecraft:cobblestone":52,"minecraft:porkchop":14,"minecraft:yellow_bed":1,"minecraft:coarse_dirt":7},"minecraft:crafted":{"minecraft:wooden_sword":2,"minecraft:oak_planks":32,"minecraft:cooked_chicken":3,"minecraft:furnace":2,"minecraft:iron_boots":1,"minecraft:stone_pickaxe":2,"minecraft:dark_oak_planks":52,"minecraft:wheat":234,"minecraft:cooked_cod":4,"minecraft:crafting_table":5,"minecraft:spruce_planks":44,"minecraft:wooden_pickaxe":2,"minecraft:iron_helmet":1,"minecraft:iron_sword":2,"minecraft:bread":78,"minecraft:air":0,"minecraft:iron_chestplate":1,"minecraft:shield":3,"minecraft:stick":24,"minecraft:iron_ingot":51,"minecraft:iron_pickaxe":2,"minecraft:wooden_axe":1,"minecraft:stone_sword":2,"minecraft:iron_leggings":1,"minecraft:torch":28},"minecraft:killed_by":{"minecraft:player":1,"minecraft:creeper":1,"minecraft:skeleton":6,"minecraft:zombie":4},"minecraft:broken":{"minecraft:shield":1},"minecraft:custom":{"minecraft:mob_kills":190,"minecraft:interact_with_crafting_table":20,"minecraft:bell_ring":1,"minecraft:leave_game":2,"minecraft:time_since_death":252,"minecraft:climb_one_cm":3763,"minecraft:sprint_one_cm":573468,"minecraft:walk_one_cm":629291,"minecraft:damage_blocked_by_shield":5280,"minecraft:drop":106,"minecraft:talked_to_villager":4,"minecraft:play_time":208512,"minecraft:deaths":14,"minecraft:sneak_time":517,"minecraft:walk_under_water_one_cm":43398,"minecraft:jump":4011,"minecraft:interact_with_blast_furnace":6,"minecraft:walk_on_water_one_cm":45971,"minecraft:total_world_time":208512,"minecraft:interact_with_furnace":27,"minecraft:sleep_in_bed":1,"minecraft:time_since_rest":134,"minecraft:damage_taken":5531,"minecraft:damage_dealt":25453,"minecraft:swim_one_cm":81440,"minecraft:fly_one_cm":699316,"minecraft:open_chest":11,"minecraft:crouch_one_cm":188,"tombstone:undead_killed":88,"minecraft:fall_one_cm":98932},"minecraft:mined":{"minecraft:dark_oak_planks":19,"minecraft:tuff":3,"minecraft:mossy_cobblestone":2,"minecraft:dark_oak_leaves":1,"minecraft:budding_amethyst":1,"minecraft:cave_vines_plant":4,"minecraft:granite":11,"minecraft:grass_block":13,"minecraft:spruce_leaves":11,"minecraft:moss_block":26,"minecraft:spawner":1,"minecraft:large_fern":7,"minecraft:hay_block":49,"minecraft:furnace":4,"minecraft:iron_ore":43,"minecraft:andesite":2,"minecraft:moss_carpet":1,"minecraft:deepslate_lapis_ore":8,"minecraft:peony":3,"minecraft:bell":1,"minecraft:pointed_dripstone":8,"minecraft:cave_vines":7,"minecraft:deepslate_iron_ore":18,"minecraft:packed_ice":2,"minecraft:azalea":2,"minecraft:stone":110,"minecraft:podzol":2,"minecraft:flowering_azalea":3,"minecraft:kelp_plant":2,"minecraft:medium_amethyst_bud":1,"minecraft:amethyst_cluster":1,"minecraft:powder_snow":9,"minecraft:crafting_table":3,"minecraft:clay":10,"minecraft:blast_furnace":1,"minecraft:calcite":3,"minecraft:poppy":1,"minecraft:chest":1,"minecraft:rose_bush":2,"minecraft:cobblestone":20,"minecraft:copper_ore":1,"minecraft:tall_grass":12,"minecraft:deepslate_gold_ore":1,"minecraft:wall_torch":2,"minecraft:amethyst_block":21,"minecraft:coarse_dirt":7,"minecraft:sweet_berry_bush":17,"minecraft:lilac":1,"minecraft:spruce_log":12,"minecraft:yellow_bed":1,"minecraft:grass":41,"minecraft:oak_log":8,"minecraft:coal_ore":39,"minecraft:dripstone_block":1,"minecraft:gravel":1,"minecraft:dirt":11,"minecraft:smooth_basalt":2,"minecraft:gold_ore":5,"minecraft:deepslate":13,"minecraft:fern":2},"minecraft:dropped":{"minecraft:wheat_seeds":7,"minecraft:glow_ink_sac":3,"minecraft:mossy_cobblestone":2,"minecraft:dripstone_block":9,"minecraft:feather":1,"minecraft:cobblestone":7,"minecraft:amethyst_block":31,"minecraft:granite":1,"minecraft:emerald":14,"minecraft:stick":1,"minecraft:diamond_horse_armor":1,"minecraft:dirt":6,"minecraft:gray_wool":1,"minecraft:diorite":4,"minecraft:torch":2,"tombstone:grave_key":1,"minecraft:amethyst_shard":4,"minecraft:wooden_sword":1,"minecraft:iron_pickaxe":5,"minecraft:iron_shovel":4,"minecraft:string":1,"minecraft:smooth_basalt":1,"minecraft:gold_ingot":4,"minecraft:furnace":1,"minecraft:sweet_berries":1,"minecraft:stone_sword":3,"minecraft:cobbled_deepslate":9,"minecraft:raw_copper":4,"minecraft:tuff":5,"minecraft:pointed_dripstone":15,"minecraft:rotten_flesh":51,"minecraft:clay_ball":37,"minecraft:oak_planks":6,"minecraft:carrot":1,"minecraft:potato":11,"minecraft:shield":1,"minecraft:gunpowder":1,"minecraft:spruce_planks":2,"minecraft:andesite":1,"minecraft:spider_eye":4,"minecraft:slime_ball":4,"minecraft:arrow":17,"minecraft:stone_pickaxe":1,"minecraft:wooden_pickaxe":1,"minecraft:raw_gold":18,"minecraft:calcite":3,"minecraft:egg":1},"minecraft:picked_up":{"minecraft:wooden_axe":1,"minecraft:coarse_dirt":10,"minecraft:crafting_table":3,"minecraft:chicken":14,"minecraft:clay_ball":37,"minecraft:wooden_pickaxe":1,"minecraft:enchanted_book":2,"minecraft:diamond_horse_armor":1,"tombstone:grave_key":1,"minecraft:shield":1,"minecraft:amethyst_block":57,"minecraft:raw_copper":4,"minecraft:string":16,"minecraft:moss_carpet":11,"minecraft:wooden_sword":1,"minecraft:iron_shovel":6,"minecraft:cobbled_deepslate":11,"minecraft:spruce_planks":7,"minecraft:beef":50,"minecraft:calcite":3,"minecraft:azalea":3,"minecraft:iron_pickaxe":6,"minecraft:furnace":4,"minecraft:egg":2,"minecraft:golden_helmet":1,"minecraft:raw_iron":73,"minecraft:stick":4,"minecraft:torch":23,"minecraft:porkchop":29,"tombstone:grave_dust":4,"minecraft:pointed_dripstone":25,"minecraft:diorite":6,"minecraft:carrot":1,"minecraft:dark_oak_planks":19,"minecraft:stone_sword":2,"minecraft:arrow":34,"minecraft:rotten_flesh":123,"minecraft:hay_block":48,"minecraft:gold_ingot":4,"minecraft:glow_berries":5,"minecraft:mutton":116,"minecraft:cod":4,"minecraft:cobblestone":108,"minecraft:white_wool":70,"minecraft:feather":6,"minecraft:glow_ink_sac":3,"minecraft:andesite":2,"minecraft:potato":11,"minecraft:tuff":5,"minecraft:oak_log":8,"minecraft:yellow_bed":2,"minecraft:gunpowder":1,"minecraft:lapis_lazuli":108,"minecraft:dirt":65,"tombstone:gift":1,"minecraft:bone":16,"minecraft:apple":12,"minecraft:wheat_seeds":7,"minecraft:raw_gold":24,"minecraft:bell":2,"minecraft:iron_ingot":1,"minecraft:stone_pickaxe":1,"minecraft:moss_block":24,"minecraft:flowering_azalea":2,"minecraft:smooth_basalt":1,"minecraft:sweet_berries":51,"minecraft:dripstone_block":9,"minecraft:amethyst_shard":4,"minecraft:spruce_sapling":2,"minecraft:blast_furnace":1,"minecraft:spruce_log":16,"minecraft:dark_oak_log":13,"minecraft:spider_eye":4,"minecraft:mossy_cobblestone":3,"minecraft:bundle":4,"minecraft:slime_ball":4,"minecraft:granite":8,"minecraft:gray_wool":1,"minecraft:emerald":14,"tombstone:magic_scroll":3,"minecraft:coal":111}},"DataVersion":3465}