{"stats":{"minecraft:killed":{"minecraft:pig":1,"minecraft:spider":2,"minecraft:cod":4,"minecraft:slime":5,"minecraft:skeleton":5,"minecraft:sheep":10,"minecraft:zombie":3,"minecraft:chicken":6},"minecraft:used":{"minecraft:stone_sword":92,"minecraft:stone_pickaxe":102,"minecraft:wooden_pickaxe":10,"minecraft:spruce_planks":7,"minecraft:shield":43,"minecraft:cooked_chicken":3,"minecraft:iron_chestplate":1,"minecraft:torch":20,"minecraft:glow_berries":7,"minecraft:dirt":11,"minecraft:crafting_table":3,"minecraft:granite":3,"minecraft:dark_oak_planks":14,"minecraft:wooden_axe":9,"minecraft:chicken":1,"minecraft:string":1,"minecraft:iron_pickaxe":108,"minecraft:wooden_sword":48,"minecraft:cobblestone":4,"minecraft:sweet_berries":28,"minecraft:cooked_cod":3,"minecraft:furnace":3,"minecraft:porkchop":2,"tombstone:gift":2,"minecraft:coarse_dirt":7,"minecraft:cobbled_deepslate":1},"minecraft:crafted":{"minecraft:wooden_sword":1,"minecraft:cooked_cod":4,"minecraft:crafting_table":2,"minecraft:spruce_planks":44,"minecraft:wooden_pickaxe":1,"minecraft:iron_helmet":1,"minecraft:cooked_chicken":3,"minecraft:furnace":1,"minecraft:air":0,"minecraft:iron_boots":1,"minecraft:iron_chestplate":1,"minecraft:shield":1,"minecraft:stick":16,"minecraft:iron_ingot":47,"minecraft:iron_pickaxe":2,"minecraft:stone_pickaxe":1,"minecraft:wooden_axe":1,"minecraft:stone_sword":1,"minecraft:iron_leggings":1,"minecraft:dark_oak_planks":52,"minecraft:torch":20},"minecraft:killed_by":{"minecraft:player":1,"minecraft:skeleton":4,"minecraft:creeper":1},"minecraft:custom":{"minecraft:interact_with_furnace":21,"minecraft:mob_kills":41,"minecraft:interact_with_crafting_table":10,"minecraft:leave_game":2,"minecraft:time_since_death":1600,"minecraft:climb_one_cm":3763,"minecraft:time_since_rest":1120,"minecraft:sprint_one_cm":300179,"minecraft:damage_taken":2335,"minecraft:walk_one_cm":284843,"minecraft:damage_blocked_by_shield":2415,"minecraft:drop":19,"minecraft:damage_dealt":3646,"minecraft:open_chest":2,"minecraft:swim_one_cm":64250,"minecraft:fly_one_cm":280450,"minecraft:play_time":88512,"minecraft:crouch_one_cm":129,"tombstone:undead_killed":8,"minecraft:deaths":7,"minecraft:sneak_time":285,"minecraft:walk_under_water_one_cm":31870,"minecraft:jump":1981,"minecraft:walk_on_water_one_cm":17814,"minecraft:total_world_time":88512,"minecraft:fall_one_cm":36465},"minecraft:mined":{"minecraft:podzol":2,"minecraft:tuff":1,"minecraft:flowering_azalea":3,"minecraft:dark_oak_leaves":1,"minecraft:kelp_plant":2,"minecraft:powder_snow":9,"minecraft:clay":10,"minecraft:crafting_table":2,"minecraft:cave_vines_plant":4,"minecraft:granite":7,"minecraft:poppy":1,"minecraft:grass_block":9,"minecraft:tall_grass":6,"minecraft:spruce_leaves":11,"minecraft:deepslate_gold_ore":1,"minecraft:moss_block":26,"minecraft:large_fern":7,"minecraft:coarse_dirt":7,"minecraft:furnace":3,"minecraft:iron_ore":28,"minecraft:sweet_berry_bush":17,"minecraft:spruce_log":12,"minecraft:andesite":2,"minecraft:moss_carpet":1,"minecraft:deepslate_lapis_ore":8,"minecraft:grass":12,"minecraft:coal_ore":32,"minecraft:cave_vines":7,"minecraft:deepslate_iron_ore":18,"minecraft:gravel":1,"minecraft:dirt":7,"minecraft:packed_ice":2,"minecraft:azalea":2,"minecraft:stone":40,"minecraft:gold_ore":5,"minecraft:deepslate":11,"minecraft:fern":2},"minecraft:dropped":{"minecraft:wheat_seeds":7,"minecraft:stone_sword":1,"minecraft:feather":1,"minecraft:rotten_flesh":4,"minecraft:dirt":1,"minecraft:torch":1,"tombstone:grave_key":1,"minecraft:andesite":1,"minecraft:slime_ball":4,"minecraft:wooden_sword":1,"minecraft:spider_eye":1},"minecraft:picked_up":{"minecraft:wooden_axe":1,"minecraft:crafting_table":2,"minecraft:coarse_dirt":10,"minecraft:feather":6,"minecraft:chicken":9,"minecraft:clay_ball":36,"minecraft:andesite":2,"minecraft:wooden_pickaxe":1,"minecraft:enchanted_book":1,"minecraft:tuff":1,"tombstone:grave_key":1,"minecraft:dirt":51,"minecraft:lapis_lazuli":54,"minecraft:string":2,"minecraft:moss_carpet":11,"minecraft:wooden_sword":1,"minecraft:bone":6,"minecraft:wheat_seeds":7,"minecraft:cobbled_deepslate":10,"minecraft:raw_gold":6,"minecraft:spruce_planks":7,"minecraft:stone_pickaxe":1,"minecraft:azalea":3,"minecraft:moss_block":24,"minecraft:flowering_azalea":2,"minecraft:furnace":3,"minecraft:stick":4,"minecraft:raw_iron":49,"minecraft:sweet_berries":50,"minecraft:torch":19,"minecraft:porkchop":4,"minecraft:spruce_sapling":2,"minecraft:spruce_log":16,"minecraft:dark_oak_log":13,"minecraft:spider_eye":3,"minecraft:arrow":7,"minecraft:stone_sword":1,"minecraft:rotten_flesh":10,"minecraft:slime_ball":4,"minecraft:granite":7,"minecraft:gray_wool":1,"minecraft:glow_berries":5,"minecraft:mutton":15,"minecraft:cod":4,"minecraft:coal":105,"minecraft:white_wool":9,"minecraft:cobblestone":40}},"DataVersion":3465}