{"stats":{"minecraft:killed":{"minecraft:pig":1,"minecraft:spider":1,"minecraft:slime":5,"minecraft:sheep":2,"minecraft:zombie":2,"minecraft:chicken":5},"minecraft:used":{"minecraft:stone_sword":12,"minecraft:stone_pickaxe":102,"minecraft:shield":3,"minecraft:spruce_planks":7,"minecraft:wooden_pickaxe":10,"minecraft:cooked_chicken":3,"minecraft:torch":20,"minecraft:glow_berries":7,"minecraft:dirt":11,"minecraft:crafting_table":2,"minecraft:granite":3,"minecraft:wooden_axe":9,"minecraft:iron_pickaxe":106,"minecraft:string":1,"minecraft:wooden_sword":48,"minecraft:cobblestone":4,"minecraft:sweet_berries":7,"minecraft:furnace":2,"minecraft:porkchop":2,"tombstone:gift":2,"minecraft:coarse_dirt":7,"minecraft:cobbled_deepslate":1},"minecraft:crafted":{"minecraft:wooden_sword":1,"minecraft:crafting_table":2,"minecraft:spruce_planks":44,"minecraft:wooden_pickaxe":1,"minecraft:cooked_chicken":3,"minecraft:furnace":1,"minecraft:air":0,"minecraft:shield":1,"minecraft:stick":12,"minecraft:iron_ingot":18,"minecraft:iron_pickaxe":1,"minecraft:stone_pickaxe":1,"minecraft:wooden_axe":1,"minecraft:stone_sword":1,"minecraft:torch":20},"minecraft:killed_by":{"minecraft:player":1,"minecraft:skeleton":3,"minecraft:creeper":1},"minecraft:custom":{"minecraft:interact_with_furnace":12,"minecraft:mob_kills":16,"minecraft:interact_with_crafting_table":9,"minecraft:leave_game":1,"minecraft:time_since_death":11625,"minecraft:climb_one_cm":3763,"minecraft:time_since_rest":9467,"minecraft:sprint_one_cm":248352,"minecraft:damage_taken":1734,"minecraft:walk_one_cm":224207,"minecraft:damage_blocked_by_shield":195,"minecraft:drop":5,"minecraft:damage_dealt":1366,"minecraft:swim_one_cm":54088,"minecraft:fly_one_cm":228408,"minecraft:crouch_one_cm":129,"minecraft:play_time":70165,"tombstone:undead_killed":2,"minecraft:deaths":6,"minecraft:sneak_time":285,"minecraft:walk_under_water_one_cm":16694,"minecraft:jump":1653,"minecraft:walk_on_water_one_cm":13904,"minecraft:total_world_time":70165,"minecraft:fall_one_cm":27827},"minecraft:mined":{"minecraft:podzol":2,"minecraft:tuff":1,"minecraft:flowering_azalea":3,"minecraft:crafting_table":1,"minecraft:clay":10,"minecraft:cave_vines_plant":4,"minecraft:granite":7,"minecraft:grass_block":9,"minecraft:tall_grass":2,"minecraft:spruce_leaves":11,"minecraft:deepslate_gold_ore":1,"minecraft:moss_block":26,"minecraft:large_fern":7,"minecraft:coarse_dirt":7,"minecraft:furnace":1,"minecraft:iron_ore":28,"minecraft:sweet_berry_bush":17,"minecraft:spruce_log":12,"minecraft:andesite":2,"minecraft:moss_carpet":1,"minecraft:deepslate_lapis_ore":8,"minecraft:grass":5,"minecraft:cave_vines":7,"minecraft:coal_ore":32,"minecraft:deepslate_iron_ore":18,"minecraft:gravel":1,"minecraft:dirt":6,"minecraft:azalea":2,"minecraft:stone":40,"minecraft:gold_ore":5,"minecraft:deepslate":11,"minecraft:fern":2},"minecraft:dropped":{"minecraft:wheat_seeds":1,"minecraft:stone_sword":1,"minecraft:rotten_flesh":4,"tombstone:grave_key":1,"minecraft:spider_eye":1},"minecraft:picked_up":{"minecraft:wooden_axe":1,"minecraft:crafting_table":1,"minecraft:coarse_dirt":10,"minecraft:feather":5,"minecraft:chicken":8,"minecraft:clay_ball":36,"minecraft:andesite":2,"minecraft:wooden_pickaxe":1,"minecraft:tuff":1,"tombstone:grave_key":1,"minecraft:lapis_lazuli":54,"minecraft:string":1,"minecraft:dirt":50,"minecraft:moss_carpet":11,"minecraft:wooden_sword":1,"minecraft:wheat_seeds":2,"minecraft:cobbled_deepslate":10,"minecraft:raw_gold":6,"minecraft:spruce_planks":7,"minecraft:stone_pickaxe":1,"minecraft:azalea":3,"minecraft:moss_block":24,"minecraft:flowering_azalea":2,"minecraft:furnace":1,"minecraft:stick":4,"minecraft:raw_iron":49,"minecraft:sweet_berries":50,"minecraft:torch":19,"minecraft:porkchop":4,"minecraft:spruce_sapling":2,"minecraft:spruce_log":16,"minecraft:dark_oak_log":13,"minecraft:spider_eye":1,"minecraft:stone_sword":1,"minecraft:rotten_flesh":8,"minecraft:slime_ball":4,"minecraft:granite":7,"minecraft:glow_berries":5,"minecraft:mutton":2,"minecraft:coal":70,"minecraft:white_wool":2,"minecraft:cobblestone":40}},"DataVersion":3465}