{"stats":{"minecraft:killed":{"minecraft:spider":10,"minecraft:cod":4,"minecraft:slime":5,"minecraft:skeleton":19,"minecraft:chicken":11,"minecraft:drowned":1,"minecraft:pig":13,"minecraft:creeper":1,"minecraft:sheep":38,"minecraft:zombie":146,"minecraft:glow_squid":1,"minecraft:cow":13},"minecraft:used":{"minecraft:stone_sword":268,"minecraft:spruce_planks":7,"minecraft:shield":129,"minecraft:iron_sword":710,"minecraft:cooked_chicken":3,"minecraft:iron_chestplate":1,"minecraft:torch":32,"minecraft:dirt":17,"minecraft:carrot":2,"minecraft:tuff":7,"minecraft:granite":7,"minecraft:wooden_axe":9,"minecraft:dark_oak_planks":74,"tombstone:decorative_grave_simple":1,"tombstone:ankh_of_pray":24,"minecraft:bow":9,"minecraft:beef":2,"minecraft:sweet_berries":37,"minecraft:furnace":5,"minecraft:cooked_cod":4,"tombstone:gift":5,"minecraft:egg":1,"minecraft:cobbled_deepslate":27,"minecraft:amethyst_block":26,"minecraft:bundle":1,"minecraft:stone_pickaxe":121,"minecraft:wooden_pickaxe":23,"minecraft:golden_apple":1,"minecraft:glow_berries":7,"minecraft:crafting_table":8,"minecraft:blast_furnace":1,"minecraft:white_bed":1,"minecraft:chicken":1,"minecraft:bread":45,"minecraft:string":1,"minecraft:iron_pickaxe":360,"tombstone:grave_key":1,"minecraft:wooden_sword":48,"minecraft:cobblestone":52,"minecraft:porkchop":14,"minecraft:yellow_bed":2,"minecraft:coarse_dirt":7},"minecraft:crafted":{"minecraft:wooden_sword":2,"minecraft:oak_planks":40,"minecraft:cooked_chicken":3,"minecraft:furnace":2,"minecraft:iron_boots":1,"minecraft:stone_pickaxe":2,"minecraft:dark_oak_planks":52,"minecraft:wheat":234,"minecraft:cooked_cod":4,"minecraft:crafting_table":6,"minecraft:spruce_planks":44,"minecraft:wooden_pickaxe":2,"minecraft:iron_helmet":1,"minecraft:iron_sword":3,"tombstone:ankh_of_pray":1,"minecraft:bread":78,"minecraft:air":0,"minecraft:iron_chestplate":1,"minecraft:shield":3,"minecraft:stick":28,"minecraft:iron_ingot":61,"minecraft:iron_pickaxe":2,"minecraft:wooden_axe":1,"minecraft:stone_sword":2,"minecraft:iron_leggings":1,"minecraft:white_bed":1,"minecraft:torch":28},"minecraft:killed_by":{"minecraft:player":3,"minecraft:creeper":1,"minecraft:warden":24,"minecraft:skeleton":7,"minecraft:zombie":5},"minecraft:broken":{"minecraft:golden_helmet":1,"minecraft:iron_chestplate":1,"minecraft:iron_boots":1,"minecraft:iron_leggings":1,"minecraft:shield":2,"minecraft:iron_sword":2,"minecraft:iron_helmet":1},"minecraft:custom":{"minecraft:mob_kills":273,"minecraft:interact_with_crafting_table":28,"minecraft:bell_ring":1,"minecraft:leave_game":2,"minecraft:time_since_death":2070,"minecraft:climb_one_cm":3977,"minecraft:sprint_one_cm":764199,"minecraft:walk_one_cm":944718,"minecraft:damage_blocked_by_shield":7695,"minecraft:drop":143,"minecraft:talked_to_villager":6,"minecraft:play_time":334512,"minecraft:deaths":42,"minecraft:sneak_time":1113,"minecraft:walk_under_water_one_cm":78752,"minecraft:jump":5324,"minecraft:interact_with_blast_furnace":9,"minecraft:walk_on_water_one_cm":76527,"minecraft:total_world_time":334512,"minecraft:interact_with_furnace":27,"minecraft:sleep_in_bed":4,"tombstone:pray_on_grave":1,"minecraft:time_since_rest":1894,"minecraft:damage_absorbed":40,"minecraft:damage_taken":15755,"minecraft:damage_dealt":43514,"minecraft:player_kills":1,"minecraft:swim_one_cm":157915,"minecraft:fly_one_cm":964486,"minecraft:open_chest":32,"minecraft:crouch_one_cm":2307,"tombstone:undead_killed":166,"minecraft:interact_with_smoker":3,"minecraft:fall_one_cm":130388},"minecraft:mined":{"minecraft:dark_oak_planks":32,"minecraft:large_amethyst_bud":4,"minecraft:tuff":15,"minecraft:mossy_cobblestone":3,"minecraft:dark_oak_leaves":1,"minecraft:budding_amethyst":2,"minecraft:cave_vines_plant":5,"minecraft:granite":12,"minecraft:grass_block":15,"minecraft:spruce_leaves":11,"minecraft:moss_block":27,"minecraft:spawner":1,"minecraft:large_fern":7,"minecraft:hay_block":49,"minecraft:furnace":4,"minecraft:cobbled_deepslate":5,"minecraft:iron_ore":43,"minecraft:andesite":4,"minecraft:moss_carpet":1,"minecraft:deepslate_lapis_ore":8,"minecraft:peony":3,"minecraft:bell":1,"minecraft:pointed_dripstone":8,"minecraft:cave_vines":8,"minecraft:deepslate_iron_ore":18,"minecraft:packed_ice":2,"minecraft:azalea":2,"minecraft:stone":111,"minecraft:podzol":2,"minecraft:flowering_azalea":3,"minecraft:kelp_plant":2,"minecraft:medium_amethyst_bud":5,"minecraft:amethyst_cluster":4,"minecraft:powder_snow":9,"minecraft:crafting_table":3,"minecraft:clay":10,"minecraft:torch":2,"minecraft:blast_furnace":2,"minecraft:calcite":7,"minecraft:poppy":1,"minecraft:chest":1,"minecraft:rose_bush":2,"minecraft:cobblestone":21,"minecraft:copper_ore":2,"minecraft:tall_grass":14,"minecraft:deepslate_gold_ore":1,"minecraft:cracked_deepslate_bricks":1,"minecraft:wall_torch":3,"minecraft:amethyst_block":39,"minecraft:coarse_dirt":7,"minecraft:sweet_berry_bush":17,"minecraft:lilac":1,"minecraft:spruce_log":12,"minecraft:yellow_bed":2,"minecraft:grass":43,"minecraft:oak_log":8,"minecraft:coal_ore":39,"minecraft:sand":1,"minecraft:dripstone_block":1,"minecraft:gravel":1,"minecraft:dirt":12,"minecraft:smooth_basalt":5,"minecraft:gold_ore":5,"minecraft:oak_leaves":1,"minecraft:deepslate":37,"minecraft:fern":2},"minecraft:dropped":{"minecraft:iron_ingot":17,"minecraft:golden_boots":2,"minecraft:bread":24,"minecraft:moss_block":1,"minecraft:porkchop":13,"minecraft:wheat_seeds":8,"minecraft:glow_ink_sac":3,"minecraft:mossy_cobblestone":6,"minecraft:dripstone_block":9,"minecraft:feather":1,"minecraft:cobblestone":13,"minecraft:amethyst_block":31,"minecraft:granite":1,"minecraft:emerald":14,"minecraft:stick":1,"minecraft:diamond_horse_armor":1,"minecraft:dirt":6,"minecraft:gray_wool":1,"minecraft:diorite":4,"minecraft:torch":2,"tombstone:grave_key":1,"tombstone:grave_dust":1,"minecraft:amethyst_shard":4,"minecraft:wooden_sword":1,"minecraft:iron_pickaxe":5,"minecraft:iron_shovel":5,"minecraft:string":14,"minecraft:bone":2,"minecraft:smooth_basalt":1,"minecraft:gold_ingot":4,"minecraft:furnace":1,"minecraft:sweet_berries":1,"minecraft:stone_sword":4,"minecraft:cobbled_deepslate":12,"minecraft:raw_copper":4,"minecraft:tuff":20,"minecraft:pointed_dripstone":15,"minecraft:rotten_flesh":182,"minecraft:clay_ball":37,"minecraft:oak_planks":6,"minecraft:carrot":1,"minecraft:potato":11,"minecraft:shield":1,"minecraft:gunpowder":10,"minecraft:spruce_planks":2,"minecraft:iron_chestplate":1,"minecraft:andesite":1,"minecraft:spider_eye":5,"tombstone:essence_of_undeath":1,"minecraft:slime_ball":4,"minecraft:arrow":28,"minecraft:stone_pickaxe":1,"minecraft:wooden_pickaxe":1,"minecraft:raw_gold":18,"minecraft:calcite":3,"minecraft:egg":1},"minecraft:picked_up":{"minecraft:wooden_axe":1,"minecraft:iron_chestplate":1,"minecraft:coarse_dirt":10,"minecraft:crafting_table":3,"minecraft:chicken":14,"minecraft:clay_ball":37,"minecraft:wooden_pickaxe":1,"minecraft:enchanted_book":3,"minecraft:diamond_horse_armor":1,"tombstone:grave_key":1,"minecraft:shield":1,"minecraft:amethyst_block":74,"minecraft:raw_copper":4,"minecraft:string":29,"minecraft:moss_carpet":13,"minecraft:wooden_sword":1,"minecraft:iron_shovel":6,"minecraft:cobbled_deepslate":39,"minecraft:spruce_planks":7,"minecraft:beef":50,"minecraft:calcite":3,"minecraft:azalea":3,"minecraft:iron_pickaxe":6,"minecraft:furnace":4,"minecraft:egg":2,"minecraft:golden_helmet":1,"minecraft:raw_iron":73,"minecraft:stick":4,"minecraft:torch":26,"minecraft:porkchop":42,"tombstone:grave_dust":16,"minecraft:pointed_dripstone":25,"minecraft:diorite":6,"minecraft:carrot":2,"minecraft:dark_oak_planks":32,"minecraft:stone_sword":3,"minecraft:arrow":48,"minecraft:rotten_flesh":258,"minecraft:hay_block":48,"tombstone:essence_of_undeath":1,"minecraft:gold_ingot":4,"minecraft:glow_berries":5,"minecraft:mutton":116,"minecraft:cod":4,"minecraft:cobblestone":113,"minecraft:white_wool":70,"minecraft:feather":6,"minecraft:glow_ink_sac":3,"minecraft:andesite":2,"minecraft:potato":11,"minecraft:tuff":27,"minecraft:oak_log":8,"minecraft:golden_boots":2,"minecraft:yellow_bed":3,"minecraft:gunpowder":10,"minecraft:lapis_lazuli":108,"minecraft:dirt":65,"tombstone:gift":1,"minecraft:bone":18,"minecraft:apple":12,"minecraft:wheat_seeds":8,"minecraft:raw_gold":24,"minecraft:bell":2,"minecraft:iron_ingot":19,"minecraft:stone_pickaxe":1,"minecraft:moss_block":25,"minecraft:flowering_azalea":2,"minecraft:smooth_basalt":1,"minecraft:sweet_berries":51,"minecraft:dripstone_block":9,"minecraft:amethyst_shard":16,"tombstone:decorative_grave_simple":1,"minecraft:spruce_sapling":2,"minecraft:blast_furnace":2,"minecraft:spruce_log":16,"minecraft:dark_oak_log":13,"minecraft:spider_eye":5,"minecraft:mossy_cobblestone":7,"minecraft:bundle":6,"minecraft:slime_ball":4,"minecraft:granite":8,"minecraft:gray_wool":1,"minecraft:bread":1,"minecraft:emerald":14,"tombstone:magic_scroll":5,"minecraft:coal":130}},"DataVersion":3465}